defeito,H2,CH4,C2H2,C2H4,C2H6
2,103.0,74.0,0.0,9.0,80.0
1,0.0,157.0,2.0,57.0,10.0
1,67.0,85.0,0.0,52.0,147.0
3,3090.0,1740.0,58.0,0.69,56.0
1,78.0,16.0,4.0,2.0,239.0
1,0.0,41.0,0.0,16.0,7.0
1,135.0,2.0,0.0,0.0,0.0
1,18.0,31.0,7.0,12.0,1.0
1,52.0,63.0,213.0,17.0,270.0
3,56.0,61.0,31.0,32.0,75.0
1,0.0,62.0,2.0,58.0,307.0
1,62.0,57.0,213.0,44.0,21.0
1,42.0,73.0,213.0,47.0,134.0
3,56.0,21.0,206.0,200.0,1560.0
1,11.0,30.0,0.0,2.0,11.0
2,86.0,245.0,36.0,0.0,570.6
3,150.0,130.0,9.0,55.0,30.0
1,0.0,0.0,0.0,13.0,0.0
1,23.0,62.0,4.0,10.0,51.0
1,73.0,193.0,7.0,91.0,153.0
1,57.0,193.0,1.0,58.0,32.0
1,12.0,2.0,0.0,1.0,1.0
1,76.0,94.0,213.0,85.0,313.0
1,4.0,0.0,0.0,6.0,1.0
1,880.0,119.0,0.0,72.0,109.0
2,1.6,80.0,52.48,18.8,6.6
3,90.0,345.0,318.0,312.0,482.0
1,2.0,37.0,0.0,2.0,30.0
3,19.0,3.0,1.0,1.0,0.0
3,338.0,168.0,364.0,247.0,20.0
1,11.0,240.0,0.0,283.0,169.0
1,0.0,1.0,0.0,3.0,0.0
2,4480.0,969.55,35.7,27.0,269.0
1,1.0,102.0,4.0,15.0,299.0
1,12.0,225.0,0.0,10.0,198.0
1,0.0,0.0,0.0,27.0,0.0
1,1.0,0.0,0.0,0.0,0.0
1,17.0,2.0,0.0,75.0,0.0
1,59.0,131.0,213.0,451.0,234.0
1,0.0,2.0,0.0,19.0,9.0
1,37.0,63.0,1.0,5.0,157.0
1,3.0,140.0,213.0,35.0,3.0
1,7.0,4.0,0.0,0.0,0.0
1,8.0,156.0,0.0,17.0,313.0
1,66.0,283.0,2.0,29.0,148.0
1,34.0,157.0,213.0,21.0,157.0
1,19.0,20.0,0.0,67.0,21.0
1,4.0,97.0,4.0,38.0,155.0
3,3389.0,120.0,206.0,183.3,40.0
2,650.0,8.0,7.0,9.4,62.0
1,42.0,8.0,213.0,94.0,299.0
1,0.0,0.0,0.0,16.0,0.0
1,27.0,86.0,213.0,13.0,114.0
1,56.0,193.0,2.0,6.0,60.0
3,1330.0,10.0,182.0,66.0,20.0
2,70.0,3.8,31.1,3.2,0.6
1,76.0,19.0,7.0,16.0,172.0
1,0.0,26.0,0.0,6.0,9.0
2,8800.0,64064.0,72128.0,95650.0,0.0
1,0.0,5.0,2.0,53.0,8.0
1,18.0,98.0,213.0,17.0,247.0
1,1.0,0.0,0.0,1.0,0.0
2,70.4,1260.0,2.3,16.1,208.0
2,130.4,48.8,16.3,123.4,93.4
2,2500.0,86.0,0.9,196.0,3.7
1,23.0,99.0,0.0,9.0,159.0
1,135.0,152.0,7.0,3.0,42.0
1,9.0,2.0,0.0,13.0,5.0
1,62.0,57.0,213.0,58.0,4.0
1,5.0,55.0,0.0,62.0,218.0
2,5.5,48.8,0.3,489.6,96.8
3,2240.0,168.0,0.0,0.0,25.0
3,3389.0,11.0,40.0,900.0,4.6
3,245.0,120.0,167.0,131.0,18.0
2,860.0,1670.0,40.0,2050.0,30.0
1,12.0,2.0,0.0,11.0,1.0
1,16.0,44.0,1.0,28.0,24.0
1,10.0,119.0,4.0,6.0,88.0
1,3.0,2.0,0.0,57.0,0.0
1,36.0,1.0,0.0,1.0,1.0
1,12.0,1.0,0.0,30.0,0.0
1,5.0,20.0,0.0,7.0,295.0
1,0.0,5.0,0.0,12.0,5.0
1,10.0,0.0,0.0,23.0,3.0
1,76.0,139.0,4.0,99.0,307.0
1,19.0,126.0,7.0,42.0,235.0
3,4.0,1.0,2.0,7.0,52.0
1,20.0,233.0,0.0,9.0,276.0
1,37.0,3.0,0.0,1.0,1.0
1,21.0,1.0,0.0,121.0,58.0
1,0.0,5.0,0.0,4.0,5.0
1,7.0,4.0,0.0,2.0,1.0
1,57.0,36.0,0.0,9.0,29.0
1,4.0,4.0,0.0,4.0,2.0
2,5170.0,45.0,0.72,169.0,63.0
2,95.0,10.0,39.0,11.0,0.0
1,31.0,137.0,2.0,46.0,72.0
3,137.0,67.0,104.0,53.0,7.0
3,1084.0,690.0,130.0,1200.0,27.0
1,78.0,141.0,0.0,82.0,22.0
2,360.0,610.0,259.0,260.0,9.0
3,193.0,48.0,66.0,154.0,22.0
2,124.0,190.0,0.0,349.0,56.0
1,20.0,3.0,0.0,17.0,0.0
1,29.0,65.0,213.0,40.0,4.0
1,32.0,0.0,0.0,1.0,1.0
1,151.0,40.0,213.0,91.0,162.0
2,1000.0,4290.0,259.0,400.0,83.0
1,151.0,65.0,213.0,39.0,270.0
1,27.0,108.0,213.0,15.0,315.0
1,9.0,0.0,0.0,5.0,0.0
1,78.0,25.0,213.0,23.0,15.0
3,1570.0,1110.0,1830.0,1780.0,175.0
3,800.0,29.0,33.0,768.0,7730.0
1,3.0,46.0,0.0,2.0,16.0
2,56.0,144.0,36.0,1.8,164.0
2,164.0,244.0,103.0,8.3,497.0
1,4.0,0.0,0.0,1.0,1.0
1,35.0,18.0,1.0,25.0,163.0
1,0.0,1.0,0.0,20.0,0.0
3,64.0,22.0,20.7,95.1,51.7
1,18.0,76.0,2.0,30.0,407.0
2,150.0,149.0,15.9,1833.0,33.0
1,30.0,157.0,4.0,21.0,548.0
1,86.0,60.0,7.0,64.0,19.0
1,0.0,3.0,0.0,3.0,0.0
1,210.0,118.0,0.0,5.0,220.0
2,2.4,560.0,8.72,1390.0,4.36
2,150.0,22.0,9.0,60.0,11.0
1,55.0,1.0,0.0,7.0,0.0
1,25.0,1.0,7.0,11.0,1.0
1,13.0,11.0,0.0,6.0,3.0
1,87.0,26.0,4.0,35.0,6.0
3,23.4,550.0,885.7,458.0,3.03
3,1790.0,580.0,619.0,336.0,321.0
1,53.0,33.0,4.0,1.0,80.0
1,210.0,48.0,2.0,20.0,58.0
1,0.0,0.0,0.0,0.0,0.0
2,5170.0,75.0,626.0,440.0,210.0
3,57.0,202.0,680.0,200.0,634.0
2,54.54,71.93,6.58,97.37,9.72
1,3.0,51.0,0.0,2.0,23.0
1,0.0,1.0,0.0,37.0,0.0
1,71.0,59.0,2.0,31.0,2.0
1,62.0,66.0,4.0,11.0,0.0
1,61.0,386.0,4.0,99.0,14.0
3,288.0,0.0,490.0,305.0,6.0
1,11.0,94.0,4.0,51.0,113.0
3,57.0,4.0,15.0,31.0,3.0
1,5.0,54.0,0.0,9.0,9.0
1,23.0,0.0,0.0,29.0,1.0
1,78.0,99.0,2.0,37.0,268.0
1,6.0,0.0,0.0,12.0,1.0
3,33.0,106.0,0.0,30.0,164.0
1,0.0,47.0,0.0,1.0,32.0
1,76.0,61.0,4.0,26.0,334.0
2,3675.0,66.0,10.0,99.13,269.0
1,14.0,105.0,4.0,82.0,60.0
2,480.0,1075.0,0.0,1132.0,298.0
1,32.0,151.0,2.0,23.0,24.0
2,388.0,860.0,230.0,1833.0,18.3
1,59.0,139.0,0.0,25.0,118.0
1,32.0,0.0,0.0,75.0,1.0
2,84.0,125.0,34.0,84.0,11.0
1,16.0,25.0,0.0,7.0,15.0
1,27.0,85.0,213.0,58.0,45.0
1,21.0,72.0,0.0,9.0,187.0
2,192.0,3.8,28.0,59.0,93.4
1,136.0,9.0,4.0,65.0,41.0
1,63.0,53.0,1.0,40.0,417.0
1,171.0,19.0,7.0,47.0,54.0
1,0.0,41.0,0.0,1.0,34.0
1,10.0,38.0,0.0,2.0,13.0
1,7.0,86.0,0.0,15.0,228.0
1,35.0,7.0,0.0,22.0,3.0
1,87.0,54.0,213.0,817.0,148.0
1,11.0,64.0,0.0,12.0,161.0
1,6.0,8.0,0.0,3.0,2.0
1,60.0,160.0,2.0,72.0,176.0
3,56.0,229.0,325.0,10.0,1880.0
1,57.0,35.0,0.0,64.0,33.0
1,45.0,105.0,4.0,33.0,175.0
1,15.0,1.0,0.0,4.0,0.0
1,26.0,88.0,0.0,14.0,145.0
1,0.0,0.0,0.0,6.0,0.0
1,23.0,3.0,0.0,35.0,5.0
1,2.0,0.0,0.0,1.0,1.0
1,0.0,64.0,0.0,1.0,21.0
1,18.0,4.0,0.0,19.0,30.0
3,645.0,2000.0,763.0,957.0,619.0
2,70.4,69.5,28.9,10.4,241.2
1,59.0,196.0,0.0,5.0,304.0
2,2031.0,15.0,244.0,183.0,144.0
1,0.0,8.0,0.0,19.0,0.0
1,53.0,71.0,0.0,118.0,91.0
1,18.0,40.0,0.0,71.0,34.0
3,310.0,20.0,490.0,3120.0,460.0
1,78.0,118.0,213.0,47.0,299.0
1,12.0,7.0,0.0,37.0,4.0
1,21.0,130.0,0.0,46.0,151.0
1,0.0,6.0,0.0,46.0,1.0
1,24.0,148.0,0.0,33.0,56.0
3,2240.0,157.0,45.0,45.0,90.0
2,18.19,119.7,4.9,727.0,74.7
1,4.0,72.0,0.0,7.0,199.0
1,8.0,64.0,0.0,7.0,16.0
3,92600.0,5.0,167.0,140.0,111.0
1,28.0,60.0,2.0,55.0,235.0
3,7600.0,1110.0,4.8,610.0,30.0
1,44.0,123.0,0.0,9.0,132.0
1,880.0,160.0,0.0,55.0,172.0
2,63.0,45.0,7730.0,1165.0,0.5
1,22.0,24.0,0.0,3.0,27.0
1,0.0,100.0,0.0,4.0,141.0
1,0.0,1.0,0.0,91.0,0.0
1,101.0,153.0,0.0,37.0,60.0
1,28.0,2.0,0.0,37.0,1.0
3,120.0,31.0,0.0,66.0,94.0
3,120.0,81.0,8.0,610.0,4.5
2,100.0,200.0,11.0,670.0,110.0
2,90.0,180.83,16.3,194.8,380.0
2,130.0,108.0,11.0,56.9,5.9
2,400.0,1127.0,2.3,183.0,750.0
2,120.45,66.0,61.0,1440.0,427.0
1,12.0,137.0,7.0,1.0,149.0
1,13.0,48.0,1.0,54.0,36.0
1,22.0,66.0,0.0,9.0,9.0
1,134.0,196.0,0.0,39.0,22.0
1,7.0,1.0,0.0,35.0,5.0
1,34.0,70.0,0.0,7.0,147.0
3,127.0,24.0,81.0,32.0,0.0001
2,63.0,4290.0,280.0,84.0,89.0
2,300.0,700.0,280.0,1700.0,36.0
1,51.0,73.0,7.0,91.0,172.0
3,1790.0,11.0,28.0,3800.0,321.0
2,12.0,71.93,940.0,6.96,2.3
1,1.0,38.0,7.0,26.0,162.0
1,0.0,10.0,0.0,1.0,1.0
3,441.0,207.0,261.0,224.0,43.0
1,149.0,35.0,4.0,3.0,302.0
2,1.0,27.0,1.0,4.0,49.0
2,5.48,113.0,270.0,161.0,5.36
1,71.0,96.0,4.0,77.0,11.0
1,31.0,98.0,7.0,22.0,14.0
3,33.0,7.88,490.0,14.0,9.0
1,151.0,105.0,0.0,5.0,4.0
3,1170.0,255.0,325.0,312.0,18.0
1,87.0,161.0,213.0,65.0,56.0
2,754.0,2647.0,6.0,2590.0,1127.0
1,136.0,242.0,7.0,83.0,66.0
1,53.0,52.0,4.0,1.0,218.0
2,58.0,161.0,9.2,46.92,45.0
1,11.0,130.0,0.0,74.0,94.0
1,10.0,141.0,0.0,9.0,32.0
1,10.0,196.0,1.0,10.0,161.0
2,860.0,159.0,39.0,10700.0,0.8
1,135.0,139.0,2.0,19.0,147.0
1,5.0,104.0,0.0,7.0,247.0
1,42.0,100.0,2.0,31.0,149.0
1,135.0,74.0,0.0,53.0,33.0
1,1.0,41.0,2.0,118.0,73.0
1,34.0,103.0,2.0,11.0,25.0
2,73.8,148.0,38.9,181.0,1.76
1,8.0,6.0,0.0,2.0,1.0
1,9.0,0.0,0.0,0.0,0.0
1,134.0,81.0,0.0,30.0,334.0
2,48.0,610.0,0.1,10.0,29.0
1,1.0,124.0,1.0,156.0,70.0
1,33.0,1.0,0.0,1.0,134.0
3,10092.0,192.0,167.0,30.0,164.0
1,23.0,152.0,1.0,21.0,117.0
1,0.0,39.0,0.0,1.0,22.0
3,620.0,43.0,763.0,899.0,27.0
1,0.0,4.0,0.0,11.0,3.0
2,45.0,168.0,82.0,3.1,330.0
1,5.0,10.0,0.0,2.0,4.0
2,162.0,109.0,11.0,183.0,201.0
1,31.0,74.0,0.0,46.0,66.0
1,43.0,136.0,4.0,48.0,334.0
1,50.0,11.0,1.0,27.0,659.0
1,31.0,85.0,0.0,27.0,548.0
1,16.0,59.0,7.0,19.0,141.0
1,15.0,283.0,0.0,8.0,659.0
1,0.0,44.0,0.0,0.0,2.0
1,7.0,5.0,0.0,2.0,1.0
1,20.0,13.0,2.0,48.0,314.0
1,3.0,3.0,0.0,6.0,0.0
1,0.0,2.0,0.0,10.0,0.0
1,45.0,85.0,213.0,9.0,659.0
1,129.0,61.0,2.0,15.0,240.0
1,74.0,70.0,1.0,94.0,15.0
1,0.0,1.0,0.0,4.0,0.0
1,0.0,131.0,0.0,4.0,449.0
1,38.0,92.0,1.0,118.0,62.0
1,46.0,71.0,2.0,36.0,0.0
1,17.0,1.0,0.0,15.0,0.0
3,385.0,60.0,159.0,53.0,8.0
3,220.0,22.0,94.0,11.0,5.0
1,128.0,3.0,0.0,0.0,0.0
2,210.0,7.0,14.0,670.0,21.1
1,72.0,112.0,213.0,83.0,28.0
1,6.0,54.0,0.0,10.0,21.0
2,480.0,1075.0,1.0,1132.0,298.0
3,1230.0,163.0,27.0,233.0,692.0
1,16.0,23.0,0.0,3.0,6.0
1,0.0,16.0,0.0,0.0,25.0
1,30.0,4.0,7.0,72.0,31.0
1,1.0,23.0,7.0,20.0,324.0
2,3420.0,55.98,1.0,1390.0,4.0
3,455.0,112.0,206.0,836.0,6432.0
3,7150.0,1440.0,97.0,1210.0,1760.0
1,7.0,2.0,0.0,1.0,1.0
1,27.0,225.0,1.0,0.0,198.0
1,0.0,1.0,0.0,85.0,0.0
2,2177.0,1049.0,705.0,440.0,207.0
2,3910.0,5.52,28.9,97.37,230.0
1,61.0,83.0,2.0,37.0,34.0
3,543.0,7.87,800.0,1987.0,33.0
1,55.0,12.0,1.0,121.0,41.0
2,65.0,34.0,0.0,112.0,16.0
3,240.0,100.0,820.0,3.0,187.0
1,71.0,97.0,4.0,10.0,133.0
3,761.0,134.0,272.0,228.0,12.0
1,7.0,122.0,0.0,9.0,35.0
2,25.4,55.0,10.5,77.8,8.7
1,101.0,12.0,2.0,79.0,204.0
2,360.0,309.0,59.0,2480.0,6.6
2,28.97,245.0,316.0,46.92,1.76
1,0.0,4.0,0.0,1.0,1.0
1,25.0,93.0,2.0,74.0,135.0
3,95.0,192.0,32.0,2810.0,101.0
1,128.0,99.0,1.0,44.0,27.0
2,50.18,171.12,0.0,148.69,74.7
2,34.0,93.0,940.0,4.5,2.5
2,116.17,143.0,5.0,16.1,1.64
2,58.0,1586.0,208.0,1901.0,91.0
1,7.0,6.0,0.0,46.0,0.0
2,16.0,7870.0,44.0,16.0,13.0
1,34.0,108.0,4.0,24.0,228.0
1,46.0,2.0,0.0,2.0,2.0
1,0.0,1.0,0.0,23.0,2.0
3,5100.0,1430.0,1010.0,1140.0,0.0
1,11.0,1.0,0.0,11.0,1.0
1,4.0,34.0,0.0,0.0,15.0
1,31.0,63.0,0.0,3.0,11.0
3,1820.0,405.0,634.0,365.0,35.0
3,60.0,325.0,1830.0,154.0,692.0
1,4.0,6.0,0.0,15.0,0.0
3,455.0,160.0,4.7,131.0,211.0
1,6.0,17.0,0.0,5.0,3.0
1,17.0,2.0,0.0,41.0,1.0
1,0.0,3.0,0.0,4.0,0.0
1,25.0,1.0,213.0,54.0,18.0
1,26.0,14.0,0.0,34.0,458.0
1,0.0,1.0,0.0,46.0,1.0
1,71.0,5.0,1.0,37.0,659.0
1,6.0,1.0,0.0,53.0,1.0
1,87.0,0.0,2.0,82.0,659.0
1,30.0,143.0,0.0,72.0,5.0
3,1500.0,67.0,261.0,26.0,757.0
2,676.74,32.0,896.0,3.0,17.48
1,30.0,112.0,4.0,20.0,147.0
1,10.0,66.0,0.0,104.0,187.0
3,23.4,1069.0,28.0,656.0,25.0
1,1.0,41.0,4.0,42.0,71.0
1,72.0,100.0,7.0,2.0,109.0
2,676.7,144.0,24.0,2480.0,5.36
1,46.0,124.0,213.0,2.0,54.0
1,5.0,0.0,0.0,7.0,1.0
1,5.0,1.0,0.0,54.0,2.0
3,645.0,86.0,13.0,110.0,317.0
3,590.0,15.0,272.0,1000.0,6432.0
1,69.0,128.0,7.0,21.0,67.0
1,12.0,0.0,0.0,1.0,0.0
3,3930.0,500.0,1982.0,7.4,145.2
2,650.0,69.5,936.6,3.1,40.0
1,25.0,120.0,1.0,2.0,10.0
1,0.0,62.0,0.0,3.0,13.0
1,67.0,196.0,213.0,29.0,21.0
1,8.0,64.0,7.0,86.0,235.0
1,15.0,77.0,0.0,8.0,114.0
1,33.0,91.0,2.0,10.0,334.0
1,136.0,124.0,213.0,14.0,117.0
1,0.0,10.0,0.0,6.0,1.0
1,63.0,106.0,1.0,31.0,25.0
2,890.0,110.0,700.0,84.0,3.0
2,116.17,180.83,52.48,278.18,5.36
1,2.0,101.0,2.0,74.0,417.0
1,3.0,2.0,0.0,14.0,1.0
3,800.0,25.0,6.97,8.0,4.0
3,22.0,202.0,0.0,3.0,386.0
1,101.0,16.0,4.0,18.0,175.0
1,56.0,134.0,4.0,99.0,66.0
2,53.0,40.0,619.0,97.37,43.0
1,36.0,150.0,4.0,283.0,162.0
2,68.0,1.0,5.6,13.0,750.0
1,22.0,52.0,213.0,99.0,15.0
1,34.0,21.0,7.0,104.0,187.0
2,160.0,619.0,705.0,3.1,470.0
1,34.0,63.0,213.0,20.0,458.0
1,42.0,44.0,0.0,43.0,161.0
3,390.0,1200.0,530.0,836.0,10.0
2,1860.0,4980.0,0.0,10700.0,1600.0
3,4230.0,690.0,5.0,196.0,1180.0
1,52.0,225.0,213.0,49.0,29.0
1,7.0,4.0,0.0,3.0,0.0
1,0.0,1.0,0.0,14.0,0.0
2,34.76,5.52,10.4,5.0,2.1
1,69.0,83.0,7.0,0.0,88.0
1,120.0,32.0,213.0,817.0,132.0
3,33046.0,619.0,58.0,2.0,0.0
1,71.0,72.0,213.0,12.0,45.0
1,0.0,3.0,0.0,0.0,0.0
1,135.0,92.0,213.0,8.0,148.0
1,0.0,1.0,0.0,16.0,0.0
2,25.4,54.97,8.72,77.84,10.47
1,6.0,74.0,213.0,2.0,45.0
1,4.0,0.0,0.0,2.0,1.0
1,71.0,124.0,2.0,53.0,310.0
1,33.0,6.0,0.0,9.0,2.0
2,60.0,969.55,57.0,2590.0,80.0
1,1.0,103.0,2.0,39.0,414.0
1,21.0,1.0,0.0,40.0,1.0
1,28.0,157.0,213.0,2.0,286.0
2,164.0,60.0,10.5,2248.0,78.0
1,4.0,0.0,0.0,9.0,0.0
1,12.0,2.0,0.0,5.0,3.0
1,74.0,57.0,4.0,40.0,133.0
1,14.0,50.0,213.0,42.0,133.0
1,8.0,3.0,0.0,0.0,0.0
1,22.0,0.0,0.0,5.0,0.0
1,21.0,3.0,0.0,18.0,1.0
1,20.0,45.0,213.0,1.0,24.0
1,29.0,81.0,2.0,20.0,187.0
1,12.0,31.0,1.0,53.0,16.0
2,358.0,784.0,130.0,1165.0,269.0
1,210.0,39.0,7.0,67.0,91.0
1,54.0,25.0,1.0,37.0,91.0
1,67.0,137.0,1.0,32.0,204.0
2,290.0,966.0,299.0,1810.0,57.0
1,0.0,0.0,0.0,19.0,0.0
1,0.0,26.0,0.0,2.0,27.0
3,535.0,619.0,389.0,138.0,28.0
1,55.0,59.0,0.0,115.0,458.0
1,5.0,46.0,1.0,24.0,29.0
1,33.0,11.0,0.0,3.0,1.0
2,300.0,700.0,36.0,1700.0,280.0
3,455.0,24.0,272.0,96.0,41.6
1,16.0,83.0,213.0,7.0,70.0
3,7600.0,431.0,206.0,2960.0,705.0
1,26.0,1.0,0.0,2.0,0.0
3,29.0,7.52,5.5,5.4,14.8
2,34.0,116.6,184.0,18.8,99.0
2,1100.0,1600.0,26.0,2010.0,221.0
1,45.0,146.0,1.0,75.0,0.0
1,0.0,1.0,0.0,9.0,0.0
1,12.0,0.0,0.0,8.0,1.0
3,545.0,130.0,16.0,153.0,239.0
2,131.7,2740.0,92.0,1801.0,25.0
3,7020.0,1850.0,0.0,2960.0,4410.0
2,18.0,3.8,31.0,18.8,2.1
1,0.0,1.0,0.0,12.0,0.0
1,25.0,5.0,1.0,26.0,449.0
1,149.0,34.0,2.0,16.0,172.0
3,761.0,72.0,27.0,11.1,7.0
1,0.0,104.0,0.0,2.0,276.0
1,54.0,1.0,0.0,1.0,1.0
1,0.0,76.0,1.0,79.0,234.0
1,63.0,121.0,4.0,29.0,106.0
3,41.3,6.8,40.4,8.15,4.6
2,107.0,200.0,30.0,8.3,437.0
1,31.0,98.0,0.0,817.0,109.0
1,0.0,194.0,2.0,121.0,161.0
2,63.0,7.4,1.8,6.2,17.0
1,4.0,125.0,0.0,4.0,153.0
1,21.0,0.0,0.0,12.0,0.0
1,7.0,1.0,0.0,52.0,1.0
3,22.0,12.0,4.6,7.4,6.3
1,4.0,42.0,0.0,4.0,10.0
1,14.0,27.0,0.0,1.0,18.0
1,23.0,38.0,0.0,18.0,9.0
2,200.0,48.8,57.0,450.0,6.6
1,5.0,0.0,0.0,30.0,2.0
1,45.0,64.0,7.0,283.0,25.0
1,3.0,72.0,1.0,77.0,302.0
1,45.0,87.0,0.0,0.0,22.0
1,0.0,3.0,0.0,2.0,0.0
1,37.0,125.0,7.0,9.0,2.0
1,6.0,0.0,0.0,5.0,1.0
1,4.0,10.0,0.0,1.0,0.0
3,2177.0,126.0,3270.0,170.0,1560.0
1,0.0,51.0,4.0,37.0,315.0
1,12.0,7.0,0.0,6.0,1.0
3,125.0,230.0,210.0,11.1,769.0
1,129.0,6.0,2.0,41.0,109.0
1,171.0,157.0,0.0,19.0,22.0
1,1.0,7.0,1.0,55.0,304.0
1,8.0,0.0,0.0,1.0,1.0
1,0.0,193.0,213.0,34.0,3.0
1,8.0,26.0,0.0,1.0,8.0
1,7.0,3.0,0.0,2.0,1.0
1,10.0,128.0,0.0,6.0,149.0
1,46.0,73.0,2.0,21.0,414.0
2,130.4,285.0,32.8,1801.0,96.8
1,26.0,31.0,7.0,74.0,253.0
3,2240.0,550.0,365.0,1987.0,244.0
2,41.0,34.0,28.9,1901.0,49.0
1,2.0,23.0,0.0,0.0,0.0
1,5.0,0.0,0.0,15.0,2.0
1,3.0,1.0,0.0,9.0,0.0
2,120.45,210.91,35.7,285.39,15.86
1,46.0,65.0,2.0,82.0,270.0
1,20.0,6.0,0.0,2.0,0.0
1,58.0,125.0,2.0,71.0,72.0
1,15.0,41.0,0.0,91.0,198.0
1,3.0,124.0,0.0,14.0,286.0
3,5760.0,1110.0,3675.0,181.0,92.0
1,86.0,136.0,7.0,71.0,17.0
1,43.0,31.0,213.0,281.0,94.0
3,1790.0,580.0,321.0,336.0,619.0
1,9.0,0.0,0.0,6.0,1.0
1,27.0,0.0,0.0,70.0,1.0
1,6.0,0.0,0.0,11.0,0.0
1,30.0,45.0,2.0,91.0,161.0
1,3.0,47.0,0.0,24.0,13.0
1,34.0,137.0,0.0,12.0,148.0
1,19.0,0.0,4.0,121.0,305.0
2,305.0,5.52,0.0,1132.0,184.0
3,1115.0,1500.0,4.8,247.0,497.0
1,30.0,121.0,0.0,15.0,779.0
1,36.0,156.0,213.0,42.0,62.0
3,29.0,3600.0,207.0,2810.0,8.0
1,59.0,88.0,1.0,40.0,149.0
3,545.0,130.0,239.0,153.0,16.0
1,6.0,40.0,213.0,62.0,153.0
2,512.0,1127.0,316.0,2248.0,350.0
2,3420.0,7870.0,1500.0,6990.0,33.0
3,120.0,25.0,1.0,8.0,40.0
2,60.0,10.0,4.0,4.0,4.0
1,10.0,44.0,0.0,27.0,15.0
2,191.0,47.0,0.1,15.0,43.0
1,13.0,66.0,0.0,3.0,43.0
1,0.0,1.0,0.0,1.0,2.0
1,87.0,134.0,7.0,156.0,548.0
1,86.0,91.0,0.0,85.0,117.0
1,0.0,0.0,0.0,14.0,0.0
2,6709.0,1670.0,110.0,233.0,7.0
2,2.4,6392.0,57.0,15.0,6.58
1,18.0,0.0,0.0,14.0,1.0
1,6.0,121.0,213.0,99.0,7.0
1,2.0,16.0,0.0,6.0,145.0
1,31.0,120.0,213.0,37.0,51.0
1,18.0,283.0,2.0,2.0,21.0
1,7.0,67.0,7.0,451.0,69.0
1,15.0,38.0,0.0,21.0,3.0
1,47.0,112.0,4.0,21.0,324.0
1,30.0,16.0,213.0,54.0,103.0
3,5760.0,540.0,2760.0,1000.0,40.5
3,220.0,364.0,530.0,836.0,500.0
1,135.0,196.0,1.0,14.0,305.0
1,62.0,104.0,213.0,11.0,58.0
1,32.0,130.0,2.0,4.0,114.0
3,3090.0,5020.0,323.0,3800.0,2540.0
2,388.0,860.0,18.3,1833.0,230.0
1,0.0,0.0,0.0,11.0,0.0
1,5.0,93.0,7.0,31.0,204.0
1,15.0,0.0,0.0,3.0,0.0
1,61.0,99.0,213.0,283.0,66.0
1,8.0,23.0,0.0,0.0,6.0
1,62.0,2.0,0.0,115.0,0.0
1,47.0,126.0,1.0,40.0,253.0
1,62.0,3.0,1.0,5.0,88.0
1,53.0,53.0,213.0,817.0,162.0
1,136.0,70.0,0.0,6.0,37.0
1,28.0,17.0,0.0,4.0,44.0
1,15.0,131.0,1.0,75.0,66.0
2,21.0,159.0,9.0,148.69,172.0
1,0.0,1.0,0.0,3.0,1.0
2,0.7,1.5,0.0,1.8,0.3
3,3700.0,5020.0,4.8,27.0,4.0
2,6.0,3.0,0.0,0.7,0.8
2,4.0,119.7,16.0,110.0,567.0
1,31.0,54.0,0.0,18.0,121.0
1,78.0,96.0,0.0,47.0,109.0
1,3.0,1.0,0.0,4.0,1.0
1,18.0,138.0,7.0,39.0,45.0
1,0.0,0.0,0.0,43.0,0.0
1,14.0,5.0,0.0,14.0,263.0
3,310.0,230.0,760.0,610.0,54.0
2,65.0,384.0,7730.0,6990.0,330.0
1,3.0,35.0,0.0,29.0,80.0
1,38.0,2.0,0.0,44.0,1.0
1,8.0,0.0,0.0,39.0,1.0
1,39.0,74.0,0.0,115.0,161.0
1,4.0,0.0,0.0,2.0,0.0
1,210.0,108.0,1.0,55.0,1.0
1,52.0,151.0,2.0,30.0,24.0
1,120.0,30.0,7.0,75.0,72.0
1,16.0,7.0,0.0,82.0,6.0
1,10.0,134.0,7.0,91.0,72.0
1,0.0,3.0,0.0,29.0,0.0
1,0.0,1.0,0.0,26.0,0.0
1,0.0,1.0,0.0,8.0,0.0
1,20.0,0.0,0.0,0.0,0.0
1,0.0,1.0,0.0,5.0,0.0
1,136.0,173.0,213.0,23.0,105.0
1,8.0,71.0,0.0,3.0,22.0
2,41.0,112.0,4536.0,254.0,0.0
1,61.0,43.0,4.0,11.0,176.0
1,76.0,55.0,0.0,19.0,37.0
3,590.0,395.0,436.0,3120.0,25.0
1,0.0,10.0,0.0,1.0,2.0
1,87.0,47.0,1.0,29.0,315.0
1,18.0,13.0,0.0,62.0,247.0
1,31.0,2.0,0.0,0.0,0.0
1,9.0,17.0,0.0,3.0,5.0
1,15.0,8.0,4.0,10.0,199.0
2,84.0,116.6,39.0,670.0,42.0
1,2.0,0.0,0.0,8.0,3.0
3,949.0,557.0,834.0,609.0,551.0
3,35.0,86.0,221.0,304.0,497.0
2,90.0,313.0,10.0,566.0,67.0
1,74.0,141.0,0.0,20.0,295.0
1,6.0,92.0,0.0,3.0,147.0
1,6.0,100.0,4.0,18.0,2.0
2,543.0,21.5,626.0,411.0,1.0
3,9340.0,995.0,60.0,6.0,7.0
1,1.0,6.0,0.0,115.0,414.0
1,90.0,0.0,0.0,3.0,0.0
3,160.0,21.0,2300.0,11.0,5390.0
1,0.0,3.0,0.0,5.0,0.0
1,9.0,1.0,0.0,0.0,1.0
1,76.0,60.0,4.0,281.0,109.0
2,8800.0,163.0,22.33,183.0,4.0
1,31.0,26.0,1.0,102.0,305.0
3,1570.0,1110.0,175.0,1780.0,1830.0
3,15.2,2.4,4.8,27.2,4.5
1,6.0,64.0,2.0,82.0,172.0
1,45.0,137.0,213.0,43.0,57.0
1,90.0,225.0,1.0,85.0,268.0
2,65.0,34.0,16.0,112.0,0.0
3,65.0,212.4,10.1,0.0,11.0
3,9340.0,112.0,218.0,18.9,31.6
1,76.0,21.0,213.0,47.0,4.0
1,0.0,3.0,0.0,34.0,6.0
1,43.0,3.0,0.0,42.0,2.0
1,39.0,1.0,0.0,1.0,1.0
1,17.0,0.0,0.0,28.0,2.0
2,103.0,221.7,0.9,422.0,47.2
3,941.0,81.0,261.0,75.7,4.5
1,10.0,0.0,1.0,14.0,3.0
1,18.0,2.0,0.0,83.0,1.0
2,12705.0,23498.0,6047.0,34257.0,5188.0
1,0.0,16.0,7.0,16.0,314.0
1,63.0,50.0,0.0,10.0,103.0
1,72.0,128.0,4.0,52.0,10.0
3,6.3,7.87,6.97,11.1,3.03
1,13.0,0.0,4.0,156.0,21.0
1,62.0,27.0,7.0,49.0,163.0
2,73.8,309.0,1880.0,26.0,212.0
2,60.0,159.0,0.0,161.0,81.0
1,14.0,153.0,2.0,62.0,14.0
1,281.0,119.0,7.0,26.0,234.0
2,224.0,107.0,299.0,13500.0,1600.0
2,3910.0,4290.0,626.0,6040.0,1230.0
1,101.0,118.0,4.0,47.0,34.0
1,0.0,44.0,0.0,2.0,12.0
2,224.0,6.0,0.9,363.0,207.0
1,281.0,121.0,1.0,16.0,314.0
1,42.0,67.0,0.0,11.0,98.0
1,7.0,0.0,0.0,57.0,2.0
1,6.0,21.0,0.0,14.0,4.0
3,13500.0,6110.0,212.0,4510.0,4040.0
1,0.0,8.0,0.0,2.0,4.0
2,68.0,205.0,0.0,61.0,184.0
1,128.0,112.0,1.0,102.0,106.0
1,61.0,96.0,4.0,62.0,43.0
1,18.0,11.0,0.0,31.0,6.0
3,34.0,21.0,56.0,49.0,4.0
1,39.0,194.0,1.0,91.0,36.0
1,0.0,43.0,0.0,1.0,13.0
2,120.5,210.9,15.9,285.4,35.7
1,58.0,67.0,2.0,35.0,5.0
2,769.0,999.0,31.0,1599.0,234.0
1,0.0,53.0,0.0,2.0,8.0
1,25.0,10.0,0.0,2.0,2.0
1,11.0,0.0,0.0,1.0,0.0
2,12.0,245.0,21.05,132.2,8.0
1,21.0,143.0,1.0,72.0,276.0
1,0.0,0.0,0.0,2.0,0.0
2,50.0,10.0,244.0,2590.0,243.0
1,42.0,1.0,0.0,3.0,0.0
1,6.0,0.0,0.0,20.0,0.0
1,0.0,2.0,0.0,19.0,0.0
1,32.0,50.0,213.0,51.0,109.0
1,9.0,0.0,0.0,77.0,3.0
1,25.0,47.0,213.0,83.0,109.0
1,28.0,26.0,213.0,5.0,70.0
2,21.0,75.0,24.0,126.0,0.0
1,38.0,16.0,0.0,53.0,16.0
1,4.0,1.0,0.0,11.0,0.0
1,72.0,81.0,0.0,44.0,124.0
1,58.0,148.0,7.0,38.0,449.0
1,0.0,1.0,0.0,6.0,0.0
1,6.0,1.0,0.0,0.0,0.0
1,5.0,94.0,0.0,29.0,69.0
1,0.0,43.0,0.0,27.0,14.0
1,7.0,1.0,0.0,9.0,1.0
1,73.0,148.0,0.0,52.0,121.0
1,26.0,34.0,213.0,156.0,43.0
3,3700.0,6.8,680.0,140.0,40.5
1,78.0,41.0,4.0,104.0,62.0
2,116.17,180.83,5.36,278.18,52.48
3,1230.0,14.3,389.0,4.0,11.0
1,6.0,0.0,0.0,6.0,0.0
1,24.0,40.0,4.0,35.0,31.0
3,33.0,134.0,40.4,1140.0,138.0
1,4.0,37.0,0.0,0.0,9.0
1,0.0,136.0,0.0,7.0,301.0
1,35.0,104.0,0.0,37.0,14.0
3,75.0,15.0,26.0,14.0,7.0
1,23.0,27.0,0.0,28.0,305.0
1,5.0,0.0,0.0,4.0,0.0
1,0.0,2.0,0.0,16.0,1.0
3,34.0,21.0,4.0,49.0,56.0
1,4.0,32.0,0.0,23.0,3.0
3,440.0,89.0,757.0,304.0,19.0
2,14.0,44.0,1.0,7.0,124.0
2,116.0,230.0,19.4,89.0,22.33
1,21.0,137.0,0.0,22.0,77.0
1,26.0,2.0,0.0,0.0,0.0
1,36.0,123.0,7.0,49.0,31.0
1,2.0,0.0,0.0,1.0,0.0
2,890.0,500.0,27.0,11.0,207.0
2,107.0,143.0,2.0,222.0,34.0
1,53.0,194.0,7.0,44.0,6.0
3,10092.0,207.0,9.0,8.0,1760.0
3,95.0,10.0,0.0,11.0,39.0
1,0.0,16.0,0.0,4.0,2.0
1,24.0,161.0,2.0,104.0,334.0
1,4.0,97.0,2.0,20.0,149.0
1,18.0,240.0,213.0,13.0,218.0
1,54.0,37.0,4.0,72.0,120.0
2,1.0,149.0,61.0,403.0,62.0
1,10.0,17.0,0.0,2.0,0.0
1,90.0,119.0,4.0,24.0,145.0
1,87.0,33.0,0.0,7.0,15.0
1,101.0,283.0,4.0,451.0,41.0
1,4.0,4.0,0.0,5.0,0.0
2,1100.0,1075.0,570.57,349.0,1.0
1,57.0,16.0,0.0,53.0,169.0
1,0.0,40.0,2.0,63.0,44.0
1,16.0,3.0,0.0,0.0,0.0
1,3.0,91.0,7.0,25.0,162.0
1,15.0,48.0,0.0,5.0,12.0
1,128.0,52.0,1.0,34.0,44.0
1,13.0,0.0,0.0,1.0,0.0
1,1.0,194.0,0.0,62.0,42.0
1,2.0,105.0,0.0,4.0,286.0
1,0.0,2.0,0.0,14.0,1.0
1,5.0,0.0,0.0,0.0,0.0
2,3675.0,6392.0,2500.0,7691.0,5.0
3,1170.0,5.0,318.0,1200.0,128.0
2,8.0,0.0,101.0,43.0,0.0
2,36.0,18.9,29.0,8.3,10.47
1,29.0,9.0,0.0,3.0,3.0
2,295.0,15.0,4.36,2028.0,99.0
2,82.0,161.0,79.0,8.9,406.0
1,5.0,0.0,0.0,26.0,0.0
1,2.0,1.0,0.0,17.0,0.0
2,3420.0,969.6,316.0,15.0,5.36
1,42.0,37.0,4.0,26.0,407.0
1,27.0,127.0,4.0,31.0,169.0
3,23.4,14.3,7.12,3.44,9.71
1,32.0,161.0,2.0,3.0,43.0
1,55.0,57.0,0.0,43.0,313.0
1,149.0,32.0,1.0,5.0,286.0
1,23.0,1.0,0.0,1.0,1.0
1,30.0,240.0,0.0,14.0,70.0
2,58.0,103.0,51.0,6.0,251.0
1,21.0,0.0,0.0,4.0,1.0
1,69.0,137.0,7.0,283.0,103.0
1,8.0,35.0,213.0,281.0,15.0
3,991.0,126.0,0.0,18.0,44.0
2,15.0,125.0,29.0,7.0,574.0
1,52.0,11.0,7.0,85.0,32.0
1,0.0,40.0,4.0,48.0,51.0
1,45.0,87.0,4.0,17.0,263.0
1,8.0,0.0,0.0,30.0,0.0
2,100.0,969.6,31.0,1165.0,212.0
2,595.0,80.0,244.0,89.0,9.0
1,75.0,124.0,0.0,3.0,315.0
1,6.0,2.0,0.0,5.0,1.0
1,2.0,52.0,0.0,4.0,12.0
1,36.0,93.0,7.0,104.0,69.0
1,50.0,40.0,7.0,156.0,17.0
2,0.0,224.0,0.0,45.0,0.0
1,29.0,120.0,0.0,10.0,407.0
3,1900.0,530.0,434.0,383.0,35.0
1,2.0,3.0,0.0,63.0,3.0
1,39.0,82.0,213.0,71.0,66.0
1,36.0,68.0,7.0,65.0,72.0
2,120.0,25.0,40.0,8.0,1.0
1,32.0,2.0,1.0,102.0,305.0
1,4.0,25.0,0.0,5.0,32.0
1,8.0,0.0,0.0,16.0,1.0
1,13.0,118.0,1.0,118.0,44.0
3,3090.0,1740.0,634.0,11.0,35.0
2,645.0,18.9,4.9,26076.0,17.48
2,22.0,21.99,38.9,5.5,269.0
1,26.0,124.0,1.0,71.0,414.0
3,7940.0,2000.0,355.0,3120.0,5390.0
1,0.0,8.0,0.0,0.0,0.0
1,880.0,39.0,2.0,25.0,157.0
2,54.0,200.0,8.72,60.0,1600.0
1,9.0,0.0,0.0,14.0,0.0
3,260.0,1430.0,28.0,32.0,634.0
1,13.0,0.0,0.0,3.0,1.0
1,29.0,3.0,0.0,24.0,1.0
1,15.0,38.0,7.0,43.0,181.0
2,130.4,1600.0,35.7,16.0,49.0
1,52.0,88.0,213.0,0.0,175.0
1,2.0,4.0,0.0,7.0,0.0
1,30.0,48.0,213.0,67.0,204.0
1,73.0,173.0,0.0,0.0,414.0
2,295.0,1466.0,32.0,1295.0,331.0
3,1820.0,405.0,35.0,365.0,634.0
1,18.0,0.0,0.0,79.0,1.0
1,24.0,127.0,1.0,40.0,45.0
1,38.0,125.0,4.0,54.0,162.0
1,120.0,105.0,1.0,85.0,163.0
1,74.0,1.0,0.0,75.0,204.0
1,8.0,87.0,1.0,11.0,195.0
1,4.0,152.0,0.0,20.0,548.0
2,740.0,969.55,21.05,17700.0,497.0
2,400.0,940.0,210.0,820.0,24.0
1,11.0,49.0,2.0,21.0,187.0
3,95.0,580.0,1.0,6500.0,52.0
1,0.0,0.0,0.0,5.0,0.0
1,0.0,1.0,0.0,11.0,0.0
3,7600.0,1230.0,318.0,836.0,1560.0
3,1500.0,395.0,323.0,395.0,28.0
1,26.0,33.0,0.0,8.0,198.0
3,4.0,70.7,76.0,18.9,211.0
1,0.0,0.0,0.0,32.0,0.0
1,7.0,0.0,0.0,2.0,0.0
1,33.0,100.0,1.0,75.0,228.0
2,4.0,148.0,3.6,0.5,70.0
2,124.0,166.0,0.0,59.0,87.0
1,74.0,48.0,0.0,8.0,175.0
3,1230.0,163.0,692.0,233.0,27.0
2,437.0,533.0,482.0,66.0,22.33
1,7.0,0.0,0.0,7.0,0.0
2,50.35,65.6,1.0,99.1,21.1
1,34.0,1.0,0.0,6.0,2.0
1,129.0,100.0,0.0,51.0,458.0
2,400.0,940.0,24.0,820.0,210.0
1,11.0,4.0,0.0,34.0,0.0
1,101.0,47.0,213.0,40.0,548.0
1,25.0,7.0,0.0,22.0,2.0
1,54.0,4.0,213.0,11.0,149.0
3,9340.0,157.0,272.0,15.7,692.0
1,58.0,122.0,2.0,10.0,6.0
1,26.0,87.0,0.0,36.0,91.0
3,448.0,93.0,7.0,637.0,145.0
2,2031.0,149.0,1.0,3.0,20.0
1,86.0,242.0,0.0,46.0,43.0
1,55.0,23.0,4.0,15.0,17.0
1,87.0,62.0,0.0,121.0,155.0
1,23.0,57.0,4.0,22.0,7.0
2,84.0,44.0,19.4,2480.0,3.9
1,12.0,66.0,0.0,15.0,191.0
1,25.0,2.0,0.0,17.0,548.0
2,3910.0,259.0,6047.0,6040.0,0.8
1,20.0,12.0,4.0,10.0,310.0
2,201.0,36.1,6.0,47.2,32.3
1,74.0,128.0,1.0,8.0,141.0
3,455.0,112.0,206.0,153.0,13.0
2,5.48,19.1,6.0,233.0,78.0
2,890.0,700.0,44.0,2050.0,96.8
1,25.0,83.0,4.0,40.0,124.0
1,31.0,5.0,4.0,62.0,120.0
3,210.0,22.0,6.0,6.0,7.0
1,0.0,1.0,0.0,0.0,1.0
1,18.0,3.0,4.0,1.0,191.0
1,14.0,22.0,0.0,2.0,9.0
1,34.0,11.0,0.0,0.0,1.0
3,530.0,554.2,321.0,0.0,16.0
3,2587.0,5.0,30.0,1.4,705.0
3,8.0,0.0,0.0,43.0,101.0
1,281.0,137.0,0.0,7.0,303.0
1,6.0,157.0,0.0,18.0,458.0
1,880.0,106.0,4.0,74.0,303.0
2,100.0,200.0,110.0,670.0,11.0
1,129.0,130.0,1.0,26.0,14.0
3,7020.0,395.0,221.0,260.0,270.0
2,50.35,65.58,21.05,99.13,0.96
2,59.0,93.0,1.0,6.0,89.0
1,69.0,82.0,213.0,77.0,36.0
1,29.0,73.0,0.0,13.0,105.0
1,0.0,3.0,0.0,11.0,3.0
1,37.0,57.0,2.0,20.0,31.0
1,0.0,18.0,0.0,21.0,6.0
1,0.0,0.0,0.0,18.0,0.0
3,205.0,370.0,26.0,805.0,535.0
1,0.0,52.0,0.0,3.0,45.0
1,57.0,77.0,1.0,24.0,14.0
1,36.0,140.0,0.0,12.0,134.0
2,23.0,6.0,31.0,23.0,172.0
3,1570.0,735.0,1740.0,1330.0,87.0
3,78.0,280.0,97.0,51.0,28.0
1,29.0,99.0,0.0,51.0,37.0
1,4.0,1.0,0.0,7.0,2.0
3,7020.0,62.6,96.0,1066.7,56.0
1,8.0,2.0,0.0,1.0,9.0
1,3.0,1.0,0.0,0.0,0.0
1,22.0,11.0,7.0,26.0,109.0
3,45.0,431.0,210.0,2.0,517.0
2,1270.0,3450.0,8.0,1390.0,520.0
1,4.0,10.0,0.0,3.0,0.0
1,0.0,2.0,0.0,25.0,0.0
1,71.0,81.0,0.0,93.0,195.0
2,50.18,62.0,72128.0,100.0,535.0
1,53.0,23.0,4.0,6.0,548.0
3,13.0,8.0,5.0,899.0,5390.0
1,19.0,66.0,7.0,52.0,151.0
1,31.0,1.0,0.0,28.0,1.0
1,0.0,0.0,0.0,34.0,1.0
1,10.0,4.0,0.0,3.0,0.0
1,8.0,42.0,0.0,8.0,8.0
3,2850.0,1115.0,138.0,1987.0,3675.0
1,2.0,103.0,4.0,7.0,121.0
1,57.0,50.0,4.0,23.0,25.0
1,4.0,1.0,0.0,14.0,0.0
3,305.0,100.0,33.0,161.0,541.0
1,29.0,81.0,213.0,64.0,35.0
1,25.0,76.0,4.0,25.0,305.0
1,26.0,16.0,2.0,91.0,253.0
2,0.0,211.0,0.0,13.0,655.0
1,5.0,1.0,0.0,12.0,1.0
1,0.0,13.0,0.0,2.0,1.0
3,57.0,24.0,2.0,27.0,30.0
1,5.0,55.0,0.0,2.0,10.0
2,290.0,966.0,57.0,1810.0,299.0
1,60.0,49.0,1.0,28.0,198.0
1,4.0,2.0,0.0,65.0,4.0
2,12.0,18.0,0.0,4.0,4.0
2,5.48,48.82,96.81,489.57,0.3
1,3.0,2.0,0.0,13.0,0.0
1,0.0,1.0,0.0,13.0,7.0
2,18.0,135.0,59.0,0.0,208.0
1,90.0,9.0,7.0,75.0,57.0
2,160.0,598.0,7.0,1801.0,212.0
3,620.0,325.0,38.0,181.0,244.0
1,136.0,119.0,2.0,40.0,19.0
1,8.0,0.0,0.0,5.0,1.0
1,5.0,5.0,0.0,1.0,0.0
2,2.0,2.1,1.6,0.7,0.5
1,129.0,1.0,0.0,43.0,12.0
1,136.0,2.0,0.0,55.0,57.0
1,54.0,108.0,2.0,37.0,30.0
2,14.0,610.0,9.72,322.0,8.0
3,35.0,5020.0,634.0,96.0,517.0
1,33.0,32.0,7.0,817.0,270.0
1,0.0,3.0,0.0,19.0,0.0
1,37.0,118.0,0.0,44.0,121.0
2,2500.0,10500.0,4790.0,13500.0,6.0
3,535.0,160.0,680.0,305.0,16.0
1,0.0,0.0,0.0,17.0,1.0
3,73.0,130.0,39.0,8.0,769.0
1,9.0,41.0,1.0,35.0,10.0
1,23.0,2.0,0.0,25.0,1.0
1,129.0,44.0,4.0,37.0,36.0
1,5.0,5.0,0.0,22.0,0.0
1,6.0,0.0,0.0,17.0,1.0
1,8.0,1.0,0.0,2.0,0.0
2,210.0,0.2,7730.0,2483.26,6.0
1,3.0,71.0,0.0,10.0,162.0
1,3.0,0.0,0.0,2.0,0.0
1,2.0,35.0,0.0,3.0,7.0
2,164.0,784.0,30.0,16.0,15.0
1,171.0,114.0,4.0,85.0,91.0
1,0.0,8.0,0.0,53.0,10.0
1,32.0,18.0,0.0,1.0,31.0
3,13.0,3.0,1.0,3.0,6.0
2,38.0,999.0,520.0,0.0,350.0
2,740.0,244.0,96.81,18.0,99.0
1,1.0,16.0,4.0,18.0,4.0
1,151.0,124.0,1.0,57.0,145.0
1,23.0,150.0,2.0,20.0,153.0
3,120.0,31.0,94.0,66.0,1.0
1,33.0,123.0,213.0,64.0,18.0
1,0.0,125.0,0.0,3.0,36.0
2,605.0,309.0,54.0,17.0,5.0
1,4.0,4.0,0.0,1.0,7.0
3,2587.0,22.0,3.0,0.69,619.0
3,310.0,43.0,40.4,18.9,9.0
2,3420.0,7.0,816.0,566.0,406.0
1,26.0,133.0,1.0,104.0,145.0
2,5.5,163.0,8.72,8.9,7.3
1,129.0,386.0,2.0,67.0,118.0
1,31.0,6.0,0.0,104.0,0.0
1,17.0,32.0,0.0,7.0,162.0
1,31.0,35.0,2.0,71.0,70.0
1,59.0,14.0,2.0,47.0,310.0
1,0.0,38.0,0.0,1.0,28.0
1,171.0,22.0,1.0,91.0,33.0
1,10.0,20.0,2.0,0.0,36.0
1,18.0,124.0,0.0,18.0,35.0
1,21.0,2.0,0.0,10.0,0.0
2,0.0,1670.0,280.0,46.92,4.21
1,2.0,1.0,0.0,22.0,0.0
1,8.0,0.0,0.0,2.0,5.0
1,5.0,91.0,0.0,3.0,29.0
1,8.0,108.0,0.0,13.0,218.0
1,10.0,3.0,0.0,1.0,1.0
1,0.0,3.0,0.0,16.0,0.0
3,36036.0,4704.0,554.0,5.0,10.0
1,22.0,2.0,0.0,77.0,2.0
2,18.0,17.3,280.0,1165.0,81.0
1,86.0,43.0,4.0,77.0,16.0
1,74.0,63.0,213.0,48.0,11.0
1,0.0,1.0,0.0,7.0,0.0
3,512.0,7.52,771.0,312.0,482.0
1,25.0,8.0,1.0,91.0,449.0
3,462.0,150.0,35.0,365.0,207.0
1,7.0,5.0,0.0,4.0,2.0
3,99.0,170.0,190.0,200.0,20.0
1,4.0,20.0,0.0,4.0,12.0
1,12.0,103.0,2.0,83.0,118.0
1,23.0,3.0,0.0,44.0,1.0
1,0.0,125.0,0.0,9.0,36.0
1,44.0,0.0,0.0,0.0,0.0
3,420.0,250.0,800.0,530.0,41.0
1,2.0,42.0,0.0,2.0,30.0
1,17.0,51.0,0.0,118.0,44.0
1,56.0,62.0,4.0,9.0,44.0
1,15.0,18.0,0.0,3.0,1.0
2,1.6,32.0,1180.0,13440.0,0.9
2,3910.0,135.0,700.0,23.0,30.0
1,18.0,60.0,0.0,8.0,145.0
3,1230.0,10.0,460.0,6.0,244.0
1,1.0,150.0,7.0,93.0,163.0
3,3930.0,2397.0,0.0,0.0,157.0
1,55.0,66.0,0.0,118.0,62.0
3,150.0,130.0,30.0,55.0,9.0
1,17.0,10.0,0.0,3.0,1.0
1,44.0,91.0,4.0,11.0,779.0
3,2850.0,21.0,97.0,570.0,19.0
1,5.0,0.0,0.0,1.0,0.0
1,0.0,68.0,0.0,77.0,30.0
1,2.0,0.0,0.0,0.0,0.0
2,605.0,1586.0,655.0,1901.0,2.3
1,16.0,11.0,0.0,41.0,5.0
3,49.0,1.0,3.0,3.0,0.0
3,57.0,142.0,121.0,140.0,19.0
3,73.0,19.0,1.0,13.0,9.0
1,8.0,137.0,7.0,104.0,72.0
1,6.0,0.0,0.0,28.0,1.0
1,36.0,82.0,2.0,57.0,35.0
1,19.0,4.0,0.0,11.0,0.0
1,15.0,3.0,0.0,3.0,1.0
1,23.0,67.0,0.0,35.0,25.0
3,95.0,187.0,600.0,166.0,4410.0
1,61.0,16.0,1.0,42.0,327.0
1,71.0,30.0,1.0,0.0,106.0
1,3.0,0.0,0.0,0.0,0.0
1,6.0,0.0,0.0,2.0,0.0
1,9.0,1.0,0.0,57.0,1.0
1,90.0,140.0,1.0,118.0,270.0
2,80.0,619.0,0.0,2480.0,326.0
2,116.0,20.0,54.0,27.0,7.0
1,0.0,57.0,0.0,2.0,16.0
2,210.0,22.0,7.0,6.0,6.0
1,39.0,24.0,0.0,10.0,141.0
1,23.0,7.0,7.0,62.0,71.0
1,13.0,42.0,0.0,3.0,16.0
3,260.0,26.1,1740.0,1000.0,2540.0
3,210.0,15.0,30.0,2960.0,8.0
1,0.0,3.0,0.0,29.0,9.0
1,4.0,12.0,0.0,4.0,2.0
3,34.0,550.0,33.0,395.0,535.0
1,4.0,5.0,0.0,2.0,1.0
1,0.0,98.0,0.0,1.0,135.0
1,7.0,18.0,4.0,6.0,157.0
1,42.0,34.0,7.0,3.0,310.0
2,2031.0,966.0,896.0,1810.0,21.9
2,6709.0,10500.0,1400.0,17700.0,750.0
3,10092.0,280.0,760.0,440.0,6432.0
1,101.0,68.0,213.0,7.0,98.0
2,860.0,1670.0,30.0,2050.0,40.0
1,0.0,83.0,0.0,1.0,31.0
1,90.0,8.0,7.0,57.0,106.0
2,507.0,1053.0,17.0,1440.0,297.0
1,75.0,45.0,0.0,8.0,172.0
1,54.0,156.0,0.0,83.0,286.0
3,19.0,1.0,1.0,21.0,3.0
2,15.0,109.0,57.0,67.0,281.0
1,210.0,86.0,1.0,6.0,195.0
2,98.0,123.0,33.0,16.0,296.0
1,56.0,14.0,7.0,61.0,239.0
1,60.0,0.0,0.0,61.0,1.0
1,23.0,143.0,4.0,41.0,94.0
1,5.0,19.0,7.0,77.0,314.0
2,362.0,171.12,51.0,3.1,9.0
1,54.0,15.0,0.0,281.0,235.0
2,59.0,28.0,9.0,15.0,70.0
1,21.0,57.0,0.0,2.0,80.0
1,0.0,41.0,0.0,1.0,11.0
1,16.0,0.0,0.0,0.0,0.0
1,26.0,0.0,0.0,25.0,2.0
1,5.0,0.0,0.0,9.0,2.0
1,24.0,41.0,0.0,43.0,62.0
2,129.0,309.0,34.0,5450.0,18.3
2,10.0,15.0,5.0,0.0,19.5
1,37.0,73.0,1.0,16.0,27.0
3,92600.0,80.0,11.0,5.0,52.0
1,21.0,101.0,2.0,82.0,303.0
1,0.0,6.0,0.0,0.0,0.0
1,50.0,52.0,7.0,23.0,27.0
1,281.0,122.0,7.0,38.0,124.0
1,75.0,133.0,1.0,2.0,5.0
1,90.0,24.0,4.0,281.0,70.0
2,73.8,148.0,1.8,181.0,38.9
1,8.0,156.0,7.0,3.0,117.0
1,10.0,242.0,0.0,281.0,187.0
2,1330.0,10.0,182.0,66.0,20.0
1,24.0,1.0,0.0,3.0,1.0
1,129.0,25.0,2.0,67.0,268.0
1,45.0,30.0,2.0,25.0,15.0
1,0.0,4.0,0.0,0.0,0.0
2,60.0,5.0,29.0,6.0,1.0
1,36.0,120.0,213.0,39.0,28.0
1,0.0,74.0,0.0,6.0,58.0
1,42.0,3.0,1.0,94.0,42.0
2,210.0,163.0,299.0,278.18,19.5
1,2.0,1.0,0.0,0.0,0.0
2,131.7,116.6,0.3,184.0,19.4
1,7.0,0.0,0.0,7.0,1.0
1,10.0,0.0,0.0,0.0,0.0
1,16.0,61.0,0.0,28.0,19.0
2,57.0,19.1,29.0,16.1,84.0
1,38.0,173.0,4.0,115.0,98.0
1,52.0,1.0,1.0,5.0,157.0
3,7600.0,67.0,5.0,196.0,39.0
1,0.0,5.0,0.0,20.0,3.0
3,385.0,60.0,8.0,53.0,159.0
1,6.0,0.0,0.0,1.0,3.0
1,62.0,0.0,0.0,3.0,1.0
3,1820.0,1.0,8.0,334.0,5.0
2,47.6,19.1,0.72,27.0,4.21
2,217.5,40.0,4.9,67.5,51.8
3,3389.0,255.0,0.2,4.0,50.0
3,1330.0,230.0,175.0,31.0,7730.0
1,14.0,8.0,0.0,4.0,3.0
1,20.0,1.0,0.0,0.0,0.0
3,65.0,26.1,10.1,57.8,41.6
1,101.0,26.0,0.0,70.0,88.0
1,14.0,1.0,0.0,1.0,0.0
1,5.0,27.0,0.0,22.0,5.0
1,4.0,7.0,0.0,7.0,1.0
1,11.0,5.0,0.0,2.0,1.0
1,15.0,125.0,4.0,53.0,334.0
1,8.0,1.0,0.0,47.0,1.0
3,154.0,9.0,460.0,26.0,5.0
1,59.0,36.0,4.0,22.0,24.0
1,46.0,27.0,213.0,49.0,315.0
1,120.0,112.0,0.0,13.0,45.0
1,43.0,52.0,4.0,9.0,60.0
3,755.0,112.0,16.0,49.0,619.0
2,12.0,23.0,9.0,0.0,98.0
1,0.0,3.0,0.0,38.0,8.0
2,120.5,386.0,936.6,2590.0,231.0
2,6.0,2990.0,29990.0,26076.0,67.0
2,1000.0,500.0,500.0,400.0,1.0
1,8.0,39.0,0.0,0.0,3.0
3,60.0,5.0,21.0,21.0,2.0
3,7600.0,130.0,1100.0,1780.0,497.0
3,13.0,255.0,22.0,1210.0,92.0
1,35.0,66.0,0.0,44.0,106.0
1,3.0,0.0,0.0,1.0,0.0
1,0.0,2.0,0.0,5.0,0.0
1,34.0,112.0,1.0,30.0,352.0
1,8.0,12.0,0.0,3.0,3.0
1,19.0,0.0,0.0,9.0,4.0
1,16.0,0.0,0.0,13.0,1.0
1,6.0,0.0,0.0,21.0,1.0
3,21.0,29.0,62.0,49.0,3.0
1,43.0,9.0,7.0,54.0,458.0
3,755.0,229.0,32.0,404.0,460.0
1,101.0,143.0,1.0,6.0,121.0
2,521.1,107.0,9.2,144.7,177.1
1,2.0,16.0,0.0,0.0,4.0
1,69.0,5.0,2.0,32.0,57.0
2,22.0,10.0,16.0,183.97,0.1
1,67.0,118.0,213.0,22.0,24.0
3,462.0,212.4,0.0,0.0,31.6
1,0.0,1.0,0.0,0.0,2.0
1,78.0,53.0,1.0,54.0,120.0
3,3389.0,589.0,3984.0,726.0,92.0
2,47.6,17.3,6.0,8.9,83.0
1,2.0,126.0,1.0,91.0,239.0
1,33.0,45.0,0.0,5.0,5.0
1,39.0,138.0,0.0,52.0,228.0
1,0.0,48.0,0.0,0.0,8.0
2,50.0,3.0,0.0,0.0,1.0
1,38.0,97.0,0.0,9.0,155.0
1,15.0,27.0,0.0,7.0,54.0
1,0.0,118.0,2.0,46.0,299.0
1,54.0,36.0,2.0,40.0,35.0
1,135.0,27.0,4.0,43.0,162.0
1,0.0,0.0,0.0,0.0,4.0
3,8.0,4.0,2.0,45.0,0.0
1,20.0,15.0,4.0,3.0,324.0
3,595.0,660.0,12.0,3.44,11.0
2,700.0,113.0,280.0,51.0,18.3
1,0.0,5.0,0.0,2.0,0.0
2,63.0,125.0,0.1,0.5,4.36
1,71.0,22.0,0.0,13.0,69.0
1,18.0,3.0,0.0,1.0,0.0
1,38.0,81.0,4.0,2.0,118.0
1,4.0,2.0,0.0,1.0,0.0
3,1115.0,375.0,977.0,899.0,591.0
1,24.0,57.0,2.0,49.0,147.0
2,198.0,54.3,6.4,148.8,107.1
1,26.0,2.0,0.0,1.0,1.0
1,7.0,0.0,0.0,6.0,1.0
1,39.0,106.0,0.0,71.0,67.0
1,30.0,4.0,0.0,31.0,3.0
1,4.0,1.0,0.0,37.0,1.0
1,17.0,0.0,0.0,13.0,1.0
1,101.0,0.0,0.0,1.0,1.0
1,0.0,1.0,0.0,28.0,0.0
1,67.0,125.0,213.0,23.0,270.0
1,7.0,7.0,0.0,3.0,0.0
1,7.0,96.0,4.0,39.0,286.0
1,3.0,38.0,0.0,4.0,12.0
1,171.0,98.0,7.0,71.0,133.0
1,6.0,196.0,1.0,156.0,414.0
1,20.0,194.0,4.0,36.0,204.0
2,15.9,55.98,22.33,137.25,0.21
1,10.0,29.0,0.0,4.0,45.0
1,50.0,143.0,1.0,30.0,218.0
1,3.0,64.0,0.0,17.0,28.0
1,7.0,5.0,0.0,20.0,5.0
2,253.0,149.0,10.4,6.96,259.0
2,84.0,126.0,0.4,132.2,29.0
1,51.0,7.0,0.0,3.0,1.0
1,50.0,41.0,213.0,38.0,11.0
1,53.0,128.0,1.0,61.0,56.0
1,135.0,69.0,213.0,102.0,24.0
3,35.0,123.0,60.0,334.0,164.0
1,5.0,0.0,0.0,17.0,0.0
2,54.0,74.0,6.0,99.13,5.0
1,0.0,24.0,0.0,0.0,18.0
1,0.0,1.0,0.0,1.0,0.0
2,78.0,20.0,28.0,13.0,11.0
1,32.0,4.0,0.0,0.0,0.0
2,36.0,74.0,17.5,2480.0,172.0
3,288.0,86.0,121.0,2159.0,85.0
1,11.0,1.0,0.0,36.0,5.0
1,44.0,139.0,1.0,55.0,407.0
3,5.0,4.0,40.0,32.0,9.0
1,38.0,64.0,213.0,72.0,45.0
1,3.0,131.0,7.0,13.0,135.0
1,8.0,41.0,0.0,2.0,23.0
1,28.0,94.0,213.0,21.0,36.0
1,55.0,63.0,1.0,10.0,155.0
3,41.3,1230.0,634.0,27.0,591.0
2,50.18,598.0,280.0,3.0,401.0
1,44.0,46.0,4.0,40.0,69.0
2,28.97,10.94,4.36,6.96,1.64
1,0.0,157.0,1.0,64.0,124.0
1,12.0,63.0,4.0,21.0,30.0
1,45.0,2.0,0.0,7.0,1.0
1,29.0,53.0,1.0,82.0,313.0
2,5.5,116.55,9.0,53.0,45.0
1,32.0,44.0,2.0,58.0,151.0
1,15.0,3.0,0.0,0.0,0.0
1,13.0,37.0,0.0,3.0,4.0
1,5.0,0.0,0.0,21.0,1.0
1,0.0,13.0,0.0,3.0,2.0
1,2.0,36.0,0.0,21.0,7.0
1,0.0,0.0,0.0,9.0,0.0
1,12.0,0.0,0.0,26.0,0.0
1,38.0,1.0,0.0,93.0,2.0
1,6.0,5.0,0.0,15.0,6.0
1,13.0,86.0,7.0,71.0,253.0
1,2.0,72.0,213.0,55.0,148.0
1,69.0,41.0,0.0,24.0,228.0
1,8.0,0.0,0.0,10.0,0.0
3,1084.0,188.0,769.0,166.0,8.0
1,210.0,62.0,7.0,85.0,315.0
3,9340.0,280.0,81.0,352.0,9.71
2,160.0,90.0,27.0,5.0,17.0
1,30.0,49.0,2.0,283.0,327.0
1,61.0,69.0,7.0,156.0,66.0
1,60.0,15.0,4.0,57.0,352.0
1,37.0,82.0,0.0,70.0,60.0
3,800.0,160.0,600.0,260.0,23.0
2,18.19,21.99,6.58,46.92,3.97
1,56.0,153.0,213.0,40.0,73.0
1,12.0,38.0,0.0,3.0,11.0
2,4230.0,181.0,270.0,18.8,0.5
1,53.0,143.0,0.0,53.0,31.0
1,62.0,1.0,0.0,71.0,0.0
1,0.0,6.0,0.0,5.0,0.0
2,34.0,30.0,0.0,2.5,34.0
1,14.0,0.0,0.0,20.0,1.0
2,53.0,23.0,16.3,10.4,406.0
3,545.0,3.0,1740.0,805.0,138.0
1,24.0,102.0,0.0,83.0,70.0
1,62.0,386.0,0.0,817.0,163.0
2,21.0,75.0,0.0,126.0,24.0
1,56.0,112.0,0.0,1.0,253.0
1,31.0,196.0,213.0,451.0,72.0
1,128.0,63.0,7.0,77.0,41.0
2,50.35,112.0,1.6,489.57,67.0
1,0.0,1.0,0.0,33.0,1.0
1,23.0,0.0,0.0,4.0,0.0
3,1000.0,89.0,436.0,166.0,40.5
1,74.0,34.0,2.0,28.0,80.0
1,5.0,22.0,213.0,4.0,220.0
1,0.0,2.0,0.0,7.0,1.0
3,761.0,280.0,365.0,440.0,30.0
1,7.0,4.0,0.0,22.0,5.0
3,305.0,85.0,130.0,197.0,25.0
2,2500.0,109.0,51.0,59.0,331.0
1,0.0,1.0,0.0,2.0,0.0
2,219.0,44.0,0.0,3.0,3.0
1,37.0,123.0,2.0,121.0,23.0
1,32.0,30.0,213.0,102.0,305.0
1,3.0,0.0,0.0,4.0,0.0
1,3.0,3.0,0.0,4.0,0.0
2,2.4,119.7,0.0,20.2,21.9
3,9340.0,61.0,4.6,365.0,44.0
2,3910.0,5.52,27.0,5.4,81.0
1,0.0,2.0,0.0,86.0,0.0
1,0.0,0.0,0.0,27.0,1.0
2,1270.0,969.6,40.0,99.13,298.0
1,33.0,120.0,0.0,451.0,3.0
1,21.0,0.0,0.0,0.0,0.0
1,134.0,61.0,0.0,6.0,42.0
1,76.0,1.0,0.0,2.0,0.0
2,1900.0,313.0,96.81,349.0,5.9
1,2.0,3.0,0.0,5.0,2.0
1,12.0,5.0,0.0,7.0,1.0
1,26.0,11.0,4.0,156.0,12.0
1,281.0,96.0,0.0,79.0,133.0
2,437.0,113.0,9.0,90.0,84.0
1,27.0,57.0,0.0,2.0,10.0
1,75.0,193.0,213.0,72.0,54.0
1,3.0,1.0,0.0,15.0,0.0
3,595.0,80.0,9.0,89.0,244.0
1,15.0,3.0,0.0,12.0,0.0
2,645.0,86.0,317.0,110.0,13.0
1,75.0,16.0,4.0,55.0,310.0
3,6870.0,1028.0,79.0,900.0,5500.0
1,210.0,74.0,7.0,52.0,234.0
1,4.0,114.0,0.0,3.0,149.0
3,1330.0,10.0,20.0,66.0,182.0
2,224.0,4.5,0.0,0.0,2.0
1,9.0,0.0,0.0,19.0,1.0
3,2177.0,1049.0,705.0,440.0,207.0
1,17.0,86.0,4.0,3.0,155.0
1,7.0,0.0,0.0,18.0,1.0
1,2.0,63.0,2.0,7.0,548.0
1,69.0,225.0,4.0,54.0,113.0
1,25.0,52.0,0.0,27.0,114.0
1,32.0,0.0,0.0,7.0,0.0
3,220.0,77.0,240.0,170.0,22.0
1,58.0,3.0,4.0,22.0,307.0
1,16.0,63.0,0.0,17.0,195.0
2,645.0,386.0,230.0,322.0,4.36
1,56.0,14.0,0.0,1.0,24.0
1,0.0,41.0,0.0,0.0,28.0
1,0.0,76.0,0.0,4.0,175.0
1,9.0,3.0,0.0,11.0,0.0
2,740.0,2227.0,567.0,4258.0,42.0
1,120.0,118.0,7.0,121.0,4.0
1,0.0,41.0,0.0,1.0,30.0
1,59.0,1.0,213.0,33.0,77.0
1,13.0,13.0,0.0,4.0,3.0
1,22.0,126.0,7.0,46.0,62.0
1,8.0,42.0,0.0,7.0,19.0
3,1950.0,123.0,2.0,2.0,38.0
1,86.0,33.0,213.0,21.0,35.0
3,755.0,25.0,634.0,247.0,145.0
1,66.0,140.0,7.0,38.0,73.0
1,6.0,0.0,0.0,22.0,0.0
1,135.0,119.0,213.0,48.0,69.0
1,36.0,52.0,4.0,13.0,218.0
1,55.0,153.0,4.0,8.0,91.0
3,755.0,229.0,460.0,404.0,32.0
1,39.0,124.0,2.0,22.0,73.0
1,0.0,0.0,0.0,0.0,8.0
1,0.0,2.0,0.0,4.0,0.0
2,18.19,22.0,4.0,46.92,6.6
2,1860.0,168.0,16.0,0.9,251.0
1,74.0,124.0,4.0,104.0,114.0
1,36.0,94.0,0.0,35.0,270.0
1,8.0,39.0,0.0,71.0,417.0
1,0.0,1.0,0.0,27.0,6.0
2,53.0,171.12,103.0,2590.0,221.0
1,15.0,41.0,0.0,1.0,9.0
1,9.0,1.0,0.0,0.0,0.0
2,595.0,110.0,184.0,1390.0,264.0
1,14.0,2.0,0.0,1.0,1.0
2,362.0,533.0,10.0,553.0,91.0
3,41.3,18342.0,619.0,233.0,30.0
1,6.0,3.0,0.0,58.0,0.0
2,34.0,64064.0,39.0,1132.0,110.0
1,21.0,1.0,0.0,12.0,2.0
1,18.0,20.0,0.0,4.0,41.0
2,28.97,23.0,244.0,126.0,427.0
1,20.0,2.0,0.0,94.0,1.0
1,0.0,108.0,0.0,104.0,151.0
1,10.0,0.0,0.0,5.0,2.0
1,4.0,52.0,0.0,2.0,30.0
2,217.5,74.0,5.6,17.0,0.5
1,5.0,146.0,0.0,8.0,151.0
1,39.0,85.0,213.0,38.0,303.0
1,21.0,124.0,213.0,79.0,352.0
3,2587.0,21.0,240.0,726.0,39.0
1,0.0,10.0,0.0,20.0,7.0
1,6.0,0.0,0.0,2.0,1.0
2,101.5,24.45,8.97,128.37,0.0
2,1.0,8.0,8.0,100.0,6.0
2,5170.0,1674.0,0.0,380.0,195.0
1,34.0,151.0,0.0,3.0,417.0
1,11.0,74.0,0.0,2.0,94.0
1,61.0,127.0,0.0,7.0,204.0
1,59.0,52.0,1.0,37.0,199.0
1,21.0,34.0,7.0,40.0,36.0
2,194.0,355.0,4.0,589.0,99.0
1,30.0,125.0,4.0,102.0,10.0
3,49.0,41.6,25.1,15.7,124.0
3,40280.0,1069.0,1060.0,1.0,1.0
3,5000.0,28.0,62.0,805.0,51.7
3,1570.0,202.0,35.0,305.0,680.0
2,543.0,120.0,1880.0,411.0,41.0
3,755.0,4.0,244.0,154.0,4.5
1,42.0,4.0,0.0,2.0,1.0
1,0.0,16.0,0.0,0.0,0.0
2,66.0,80.2,61.0,99.1,241.2
2,101.5,619.0,0.0,489.57,104.0
2,130.0,140.0,0.0,120.0,24.0
3,35.0,6.0,3.0,26.0,482.0
1,880.0,35.0,213.0,64.0,324.0
2,56.0,54.97,244.0,61.0,84.0
3,1570.0,61.0,1100.0,200.0,8.0
1,27.0,2.0,0.0,53.0,2.0
2,192.0,45.0,14.0,0.0,51.0
1,25.0,0.0,0.0,64.0,2.0
1,9.0,193.0,0.0,51.0,779.0
2,35.0,6.0,482.0,26.0,3.0
1,54.0,65.0,0.0,18.0,117.0
1,0.0,0.0,0.0,7.0,0.0
3,35.0,364.0,250.0,900.0,500.0
2,305.0,384.0,9.2,99.1,19.5
1,10.0,0.0,0.0,38.0,1.0
3,810.0,280.0,490.0,570.0,111.0
1,22.0,0.0,0.0,23.0,0.0
2,25.0,6.0,1.0,6.0,3.0
1,6.0,3.0,0.0,12.0,0.0
3,92600.0,10200.0,0.0,0.0,0.0
2,116.17,36.1,4.0,169.0,470.0
1,56.0,138.0,2.0,43.0,247.0
2,98.0,309.0,2.0,578.0,104.0
2,14.0,116.0,1.0,19.0,437.0
1,54.0,63.0,213.0,283.0,159.0
1,5.0,1.0,0.0,5.0,1.0
2,22.0,259.0,0.0,9.0,427.0
1,27.0,71.0,1.0,17.0,1.0
2,253.0,23498.0,3.6,1165.0,5.0
2,605.0,313.0,208.0,9.0,0.96
1,12.0,77.0,0.0,2.0,25.0
1,6.0,10.0,0.0,4.0,3.0
1,4.0,1.0,0.0,2.0,0.0
3,176.0,660.0,2111.0,27.0,2.0
1,0.0,0.0,0.0,10.0,0.0
1,69.0,82.0,1.0,118.0,218.0
1,55.0,92.0,2.0,16.0,22.0
1,53.0,4.0,1.0,35.0,88.0
1,63.0,50.0,2.0,53.0,270.0
1,0.0,83.0,0.0,8.0,305.0
1,32.0,0.0,0.0,3.0,0.0
3,645.0,130.0,541.0,440.0,517.0
1,0.0,26.0,0.0,0.0,1.0
3,65.0,255.0,2111.0,434.0,68.0
1,136.0,60.0,2.0,21.0,135.0
1,7.0,2.0,0.0,72.0,3.0
1,53.0,0.0,0.0,27.0,2.0
1,0.0,38.0,0.0,2.0,10.0
1,54.0,94.0,2.0,93.0,98.0
3,35.0,431.0,318.0,400.0,11.0
1,37.0,45.0,0.0,17.0,12.0
1,58.0,0.0,0.0,2.0,1.0
1,59.0,27.0,0.0,64.0,134.0
3,78.0,20.0,11.0,13.0,28.0
1,47.0,2.0,0.0,7.0,4.0
1,0.0,143.0,1.0,39.0,407.0
1,86.0,14.0,213.0,20.0,548.0
1,0.0,2.0,0.0,2.0,0.0
1,86.0,150.0,0.0,40.0,134.0
1,149.0,134.0,1.0,51.0,18.0
3,137.0,67.0,7.0,53.0,104.0
2,4230.0,6.0,1400.0,100.0,297.0
1,29.0,5.0,0.0,0.0,0.0
3,530.0,93.0,27.0,805.0,75.0
1,13.0,2.0,0.0,1.0,1.0
1,0.0,3.0,0.0,1.0,7.0
1,15.0,19.0,0.0,1.0,7.0
2,4480.0,560.0,896.0,403.0,380.0
1,135.0,35.0,2.0,21.0,69.0
3,597.0,405.0,1982.0,768.0,50.0
1,21.0,2.0,0.0,2.0,0.0
3,8266.0,1061.0,22.0,0.0,0.0
1,52.0,0.0,0.0,0.0,0.0
2,1900.0,285.0,7730.0,957.0,31.0
1,52.0,139.0,4.0,20.0,2.0
1,7.0,102.0,0.0,10.0,33.0
1,13.0,100.0,0.0,9.0,25.0
3,650.0,81.0,170.0,51.0,270.0
1,2.0,0.0,0.0,18.0,0.0
1,16.0,9.0,0.0,3.0,0.0
3,1820.0,1430.0,130.0,183.3,39.0
1,101.0,141.0,1.0,2.0,172.0
1,101.0,5.0,213.0,82.0,149.0
3,1900.0,285.0,31.0,957.0,7730.0
2,1100.0,1600.0,221.0,2010.0,26.0
1,880.0,140.0,0.0,33.0,314.0
1,29.0,150.0,0.0,31.0,181.0
2,130.4,969.6,35.7,59.0,19.4
1,11.0,2.0,0.0,4.0,0.0
1,0.0,49.0,0.0,1.0,13.0
1,50.0,86.0,1.0,55.0,417.0
1,1.0,148.0,1.0,8.0,228.0
1,52.0,40.0,2.0,27.0,169.0
1,12.0,71.0,0.0,6.0,121.0
1,12.0,1.0,0.0,21.0,0.0
1,1.0,0.0,0.0,2.0,2.0
3,2240.0,72.0,680.0,805.0,90.0
1,11.0,131.0,0.0,11.0,324.0
1,52.0,25.0,0.0,283.0,352.0
1,73.0,18.0,1.0,30.0,270.0
1,1.0,386.0,7.0,2.0,45.0
1,22.0,24.0,2.0,42.0,22.0
1,12.0,0.0,0.0,57.0,0.0
2,2.0,20.0,896.0,1440.0,0.1
1,6.0,0.0,0.0,0.0,0.0
3,10092.0,5399.0,530.0,6500.0,37565.0
3,288.0,72.0,218.0,138.0,8.0
3,620.0,325.0,244.0,181.0,38.0
2,676.7,969.6,17.5,2483.3,570.6
2,1270.0,3450.0,520.0,1390.0,8.0
1,12.0,2.0,0.0,9.0,2.0
2,23.0,7.0,6.58,19.0,0.32
2,14.0,62.0,0.0,3.0,16.0
3,1900.0,192.0,760.0,1210.0,25.0
1,34.0,6.0,0.0,14.0,3.0
1,75.0,39.0,1.0,35.0,169.0
1,4.0,21.0,1.0,28.0,54.0
1,120.0,10.0,213.0,15.0,149.0
1,0.0,5.0,0.0,4.0,0.0
1,6.0,1.0,0.0,32.0,1.0
3,1770.0,554.2,885.7,1066.7,145.2
3,595.0,280.0,38.0,102.0,1010.0
3,2177.0,85.0,1100.0,20.0,94.0
1,33.0,104.0,4.0,10.0,19.0
1,27.0,283.0,2.0,49.0,32.0
1,20.0,31.0,213.0,25.0,19.0
1,20.0,173.0,4.0,43.0,1.0
2,36.0,113.0,44.0,99.1,42.0
3,5760.0,1230.0,3.0,82.0,127.0
1,69.0,1.0,0.0,2.0,0.0
1,34.0,108.0,2.0,817.0,17.0
1,28.0,101.0,213.0,57.0,145.0
2,4.0,1.0,52.0,7.0,2.0
2,54.54,66.0,208.0,194.8,7.0
1,8.0,103.0,213.0,104.0,172.0
2,4230.0,1.0,11.0,1810.0,3.0
1,42.0,16.0,4.0,23.0,175.0
1,7.0,17.0,0.0,91.0,303.0
1,0.0,2.0,0.0,49.0,0.0
3,60.0,10.0,4.0,4.0,4.0
1,47.0,62.0,2.0,1.0,149.0
1,210.0,69.0,0.0,77.0,58.0
1,10.0,11.0,0.0,1.0,5.0
3,33046.0,7.88,530.0,233.0,541.0
3,40.0,102.6,0.2,183.3,32.3
1,0.0,1.0,0.0,1.0,1.0
1,6.0,9.0,0.0,32.0,3.0
1,44.0,130.0,1.0,17.0,58.0
1,6.0,1.0,0.0,1.0,1.0
1,43.0,53.0,2.0,79.0,314.0
1,0.0,104.0,7.0,72.0,98.0
1,4.0,92.0,0.0,37.0,228.0
3,385.0,5020.0,22.0,28.0,104.0
2,1550.0,54.97,5.6,128.37,234.0
1,0.0,6.0,0.0,91.0,1.0
1,24.0,10.0,0.0,3.0,1.0
1,28.0,38.0,213.0,74.0,187.0
3,288.0,168.0,1180.0,3.0,92.0
2,4230.0,66.0,7.4,0.7,701.0
1,71.0,150.0,2.0,7.0,305.0
1,0.0,134.0,0.0,7.0,315.0
2,2240.0,116.0,29.8,2483.26,1127.0
1,20.0,41.0,213.0,118.0,51.0
1,5.0,0.0,0.0,2.0,0.0
1,20.0,8.0,0.0,4.0,2.0
1,27.0,17.0,1.0,0.0,77.0
2,22400.0,22400.0,2690.0,13440.0,1570.0
2,86.0,8.0,0.0,2.5,2.5
1,16.0,2.0,0.0,10.0,0.0
2,198.0,313.0,3.0,727.0,83.0
1,43.0,122.0,1.0,23.0,276.0
1,0.0,121.0,0.0,14.0,352.0
1,7.0,25.0,213.0,283.0,23.0
3,597.0,202.0,323.0,1.4,96.3
1,86.0,35.0,0.0,451.0,109.0
1,9.0,1.0,0.0,8.0,1.0
1,28.0,40.0,2.0,51.0,417.0
1,50.0,25.0,4.0,38.0,18.0
2,1900.0,100.0,16.0,0.0,570.6
1,18.0,79.0,0.0,13.0,176.0
2,14.0,23.0,6.4,349.0,52.48
1,25.0,136.0,0.0,9.0,303.0
1,6.0,76.0,4.0,48.0,120.0
1,62.0,18.0,7.0,34.0,67.0
2,24.3,15.7,29.8,11.2,6.4
1,0.0,6.0,0.0,2.0,11.0
3,240.0,7.88,355.0,404.0,157.0
2,129.0,285.0,30.0,727.0,230.0
1,58.0,41.0,2.0,63.0,240.0
3,1115.0,6.8,5.0,110.0,5500.0
1,17.0,29.0,0.0,121.0,45.0
1,880.0,126.0,0.0,14.0,44.0
3,810.0,580.0,490.0,570.0,111.0
1,63.0,53.0,213.0,3.0,4.0
1,67.0,62.0,4.0,57.0,234.0
1,880.0,42.0,1.0,46.0,175.0
1,74.0,106.0,0.0,48.0,314.0
3,3930.0,500.0,2111.0,1780.0,239.0
1,73.0,61.0,0.0,102.0,66.0
1,0.0,13.0,4.0,817.0,253.0
3,260.0,215.0,277.0,334.0,35.0
2,198.0,100.0,72128.0,60.0,0.9
3,3930.0,2397.0,157.0,0.0,0.0
1,281.0,156.0,213.0,11.0,149.0
1,24.0,41.0,213.0,94.0,352.0
2,22.0,6.0,1.8,43.0,2.3
1,0.0,7.0,0.0,0.0,0.0
2,66.0,322.0,7.0,809.0,112.0
1,8.0,45.0,0.0,24.0,6.0
1,0.0,64.0,0.0,6.0,56.0
1,26.0,1.0,0.0,22.0,0.0
1,4.0,193.0,0.0,7.0,67.0
1,13.0,40.0,213.0,86.0,35.0
1,23.0,118.0,4.0,35.0,22.0
1,129.0,39.0,2.0,93.0,157.0
1,7.0,6.0,7.0,9.0,91.0
1,62.0,27.0,7.0,102.0,157.0
1,7.0,5.0,0.0,1.0,0.0
1,25.0,160.0,0.0,5.0,28.0
3,260.0,589.0,3675.0,1987.0,32.0
1,0.0,97.0,0.0,30.0,73.0
1,9.0,19.0,0.0,2.0,5.0
1,36.0,8.0,0.0,4.0,1.0
1,35.0,65.0,4.0,16.0,60.0
3,176.0,205.9,68.7,75.7,47.7
2,358.0,25.0,16.0,7691.0,241.2
1,21.0,35.0,0.0,1.0,114.0
2,54.54,71.93,9.72,97.37,6.58
1,9.0,39.0,0.0,11.0,15.0
1,171.0,1.0,0.0,1.0,1.0
1,10.0,0.0,0.0,51.0,1.0
1,0.0,0.0,0.0,4.0,0.0
1,25.0,19.0,0.0,156.0,24.0
3,240.0,20.0,96.0,28.0,5.0
1,12.0,0.0,0.0,33.0,0.0
1,45.0,25.0,0.0,17.0,45.0
1,4.0,18.0,0.0,7.0,2.0
1,6.0,106.0,0.0,28.0,72.0
1,3.0,101.0,0.0,15.0,310.0
1,134.0,101.0,1.0,26.0,62.0
1,29.0,34.0,1.0,71.0,29.0
2,55.0,22.0,0.0,2.6,0.5
1,75.0,47.0,7.0,121.0,37.0
1,0.0,2.0,0.0,8.0,0.0
1,5.0,119.0,0.0,16.0,302.0
1,20.0,0.0,0.0,8.0,2.0
1,14.0,6.0,4.0,11.0,109.0
2,98.0,113.0,280.0,53.0,5.36
2,80.0,149.0,9.2,2.6,0.96
1,50.0,27.0,2.0,15.0,135.0
3,1570.0,43.0,317.0,140.0,3675.0
1,58.0,76.0,7.0,54.0,56.0
1,47.0,150.0,213.0,46.0,34.0
1,5.0,67.0,0.0,67.0,305.0
1,3.0,0.0,0.0,1.0,1.0
1,128.0,196.0,213.0,22.0,71.0
1,43.0,1.0,213.0,30.0,70.0
3,65.0,150.0,45.0,0.0,54.0
3,206.0,42.0,221.0,82.0,16.0
1,0.0,0.0,0.0,1.0,0.0
1,0.0,103.0,0.0,0.0,132.0
1,0.0,4.0,0.0,4.0,0.0
2,200.0,230.0,480.0,170.0,2.0
1,3.0,4.0,0.0,1.0,0.0
1,50.0,42.0,213.0,48.0,148.0
3,160.0,160.0,2300.0,8.0,92.0
1,76.0,37.0,213.0,13.0,29.0
2,253.0,21.5,72.4,16.1,5.9
1,47.0,153.0,1.0,34.0,88.0
3,36036.0,4.0,490.0,131.0,43.0
1,0.0,41.0,0.0,22.0,88.0
1,149.0,8.0,0.0,0.0,0.0
3,22.0,187.0,0.0,17.0,745.0
1,43.0,105.0,1.0,29.0,94.0
3,941.0,1.0,554.0,900.0,4.5
1,37.0,152.0,0.0,42.0,234.0
1,12.0,26.0,4.0,86.0,327.0
3,120.0,25.0,40.0,8.0,1.0
1,3.0,73.0,2.0,451.0,56.0
1,14.0,81.0,4.0,27.0,352.0
1,37.0,242.0,1.0,82.0,27.0
3,73.0,2313.0,317.0,1.0,37565.0
2,5.5,10.0,18.3,1295.0,6.58
1,20.0,48.0,0.0,9.0,9.0
1,0.0,26.0,0.0,24.0,6.0
1,12.0,66.0,4.0,283.0,25.0
1,30.0,196.0,4.0,18.0,35.0
1,880.0,55.0,213.0,34.0,303.0
2,14.0,4980.0,130.0,1901.0,24.0
1,35.0,150.0,2.0,14.0,228.0
1,34.0,5.0,0.0,25.0,5.0
2,101.5,24.5,0.0,128.37,9.0
1,6.0,102.0,1.0,34.0,25.0
2,116.17,580.0,10.0,2010.0,24.0
2,4230.0,690.0,1180.0,196.0,5.0
1,54.0,45.0,2.0,2.0,54.0
1,27.0,0.0,0.0,0.0,0.0
2,8.0,559.0,0.3,128.37,701.0
1,0.0,44.0,0.0,0.0,6.0
2,0.0,0.2,0.0,0.13,0.1
1,62.0,233.0,1.0,15.0,414.0
1,20.0,233.0,2.0,94.0,302.0
2,740.0,2227.0,42.0,4258.0,567.0
1,86.0,100.0,2.0,4.0,29.0
3,2177.0,1049.0,207.0,440.0,705.0
1,62.0,11.0,213.0,12.0,239.0
1,76.0,105.0,2.0,77.0,69.0
1,4.0,0.0,0.0,26.0,0.0
1,0.0,2.0,0.0,15.0,0.0
1,6.0,3.0,0.0,55.0,0.0
1,52.0,51.0,7.0,58.0,132.0
3,13500.0,62.0,0.2,11.0,96.3
1,33.0,2.0,0.0,102.0,2.0
1,60.0,52.0,213.0,51.0,121.0
2,213.0,384.0,3.0,2028.0,401.0
3,4230.0,3.0,28.0,3800.0,37565.0
3,385.0,619.0,365.0,805.0,50.0
1,5.0,31.0,0.0,4.0,8.0
2,769.0,27.0,57.0,403.0,221.0
2,29.0,204.0,0.0,17.0,264.0
2,54.0,7.0,7.4,5.4,8.6
1,0.0,103.0,0.0,7.0,33.0
2,1550.0,2740.0,184.0,5450.0,816.0
2,12.0,18.0,0.1,4.0,4.0
1,15.0,0.0,0.0,12.0,2.0
1,46.0,35.0,4.0,25.0,43.0
1,3.0,10.0,0.0,2.0,1.0
1,36.0,173.0,4.0,3.0,118.0
2,111.0,0.2,828.0,90.0,36.0
1,75.0,138.0,1.0,37.0,12.0
3,530.0,345.0,250.0,266.0,85.0
1,52.0,122.0,213.0,11.0,315.0
1,0.0,2.0,213.0,61.0,779.0
1,15.0,73.0,0.0,9.0,268.0
3,29.0,10200.0,133.6,21.0,30.0
2,2031.0,143.0,159.0,727.0,83.0
1,20.0,2.0,2.0,12.0,15.0
1,3.0,24.0,0.0,20.0,6.0
3,2770.0,255.0,121.0,18.9,51.7
1,10.0,0.0,0.0,1.0,1.0
3,1115.0,229.0,60.0,2810.0,92.0
1,53.0,120.0,213.0,46.0,247.0
1,28.0,134.0,7.0,61.0,103.0
2,754.0,55.0,270.0,183.0,21.1
1,0.0,39.0,0.0,7.0,10.0
1,149.0,5.0,213.0,4.0,67.0
3,305.0,1069.0,7.0,30.0,128.0
1,45.0,141.0,4.0,15.0,779.0
1,4.0,120.0,0.0,12.0,307.0
1,0.0,13.0,0.0,118.0,3.0
1,15.0,4.0,0.0,11.0,0.0
1,171.0,193.0,7.0,55.0,145.0
2,860.0,1049.0,1880.0,589.0,251.0
2,4480.0,1049.0,184.0,589.0,331.0
1,28.0,0.0,0.0,11.0,0.0
1,9.0,100.0,4.0,4.0,67.0
3,390.0,1049.0,58.0,31.0,54.0
2,2500.0,560.0,72.4,120.0,0.32
1,46.0,242.0,4.0,43.0,151.0
1,0.0,7.0,0.0,1.0,3.0
1,3.0,1.0,0.0,5.0,0.0
1,0.0,35.0,0.0,1.0,11.0
2,18.19,205.0,7.0,5450.0,0.21
1,3.0,6.0,0.0,15.0,8.0
1,6.0,1.0,0.0,17.0,1.0
1,16.0,161.0,4.0,121.0,145.0
2,131.0,386.0,5.0,500.0,78.0
2,37.0,47.0,0.0,5.5,10.0
1,0.0,15.0,0.0,1.0,4.0
1,5.0,0.0,0.0,1.0,1.0
1,26.0,29.0,2.0,43.0,36.0
1,23.0,55.0,1.0,99.0,145.0
2,2240.0,560.0,940.0,450.0,380.0
1,2.0,97.0,2.0,6.0,45.0
3,0.0,163.0,19.0,440.0,535.0
1,120.0,59.0,0.0,79.0,56.0
1,69.0,22.0,0.0,91.0,352.0
3,441.0,7.87,3984.0,768.0,92.0
1,18.0,1.0,0.0,3.0,0.0
2,129.0,181.0,44.0,0.0,244.0
1,0.0,153.0,0.0,8.0,295.0
1,6.0,156.0,4.0,17.0,7.0
1,20.0,127.0,1.0,115.0,124.0
1,0.0,29.0,1.0,9.0,407.0
1,86.0,64.0,4.0,65.0,148.0
1,12.0,1.0,0.0,1.0,0.0
3,56.0,100.0,38.0,197.0,94.0
1,6.0,94.0,1.0,54.0,77.0
1,28.0,4.0,0.0,48.0,0.0
2,1790.0,4980.0,24.0,2028.0,91.0
1,47.0,20.0,0.0,2.0,37.0
1,2.0,0.0,0.0,11.0,0.0
1,25.0,53.0,0.0,8.0,157.0
1,0.0,1.0,0.0,10.0,1.0
1,5.0,69.0,0.0,38.0,60.0
1,11.0,156.0,0.0,0.0,57.0
2,1450.0,1075.0,17.5,1132.0,112.0
1,2.0,173.0,213.0,82.0,305.0
1,24.0,42.0,0.0,75.0,149.0
1,135.0,118.0,7.0,115.0,117.0
1,4.0,4.0,0.0,0.0,0.0
3,543.0,120.0,41.0,411.0,1880.0
1,210.0,12.0,0.0,83.0,163.0
1,28.0,0.0,0.0,0.0,0.0
3,21.0,7.6,4.7,26.73,96.3
1,2.0,133.0,0.0,5.0,133.0
1,19.0,55.0,4.0,34.0,204.0
1,134.0,106.0,213.0,44.0,304.0
3,5100.0,1430.0,0.0,1140.0,1010.0
1,50.0,76.0,4.0,53.0,6.0
1,26.0,1.0,0.0,5.0,4.0
1,61.0,134.0,0.0,28.0,310.0
3,45.0,188.0,389.0,458.0,692.0
1,27.0,15.0,4.0,18.0,4.0
1,12.0,2.0,0.0,0.0,0.0
2,38.0,3.0,19.4,4.1,0.0
2,34.0,18.9,5.6,9.4,3.7
3,1600.0,3600.0,0.0,14.0,670.0
3,26788.0,18342.0,2111.0,27.0,0.0
1,28.0,35.0,2.0,104.0,57.0
1,0.0,3.0,0.0,7.0,3.0
2,66.0,60.0,0.1,7.0,2.0
1,4.0,0.0,0.0,5.0,0.0
1,14.0,81.0,0.0,18.0,27.0
1,0.0,87.0,0.0,12.0,299.0
3,0.0,3.0,3.0,20.0,5.0
1,59.0,5.0,1.0,121.0,66.0
3,88.0,9.0,0.0,0.0,0.0
1,0.0,2.0,0.0,9.0,0.0
2,676.74,969.55,570.57,2483.26,17.48
1,61.0,96.0,4.0,47.0,299.0
1,30.0,88.0,7.0,121.0,118.0
1,59.0,63.0,2.0,91.0,7.0
1,7.0,4.0,0.0,1.0,0.0
2,25.4,36.1,619.0,47.2,7.0
1,0.0,3.0,0.0,20.0,1.0
1,5.0,0.0,0.0,31.0,0.0
1,136.0,386.0,1.0,9.0,71.0
1,16.0,112.0,7.0,63.0,286.0
1,50.0,0.0,0.0,3.0,1.0
1,16.0,9.0,1.0,8.0,8.0
1,22.0,4.0,2.0,49.0,407.0
2,63.0,969.55,4.36,77.84,750.0
1,62.0,121.0,4.0,65.0,301.0
2,1450.0,161.0,316.0,7.0,1127.0
1,128.0,41.0,0.0,82.0,220.0
1,9.0,161.0,213.0,85.0,253.0
1,0.0,12.0,0.0,79.0,10.0
1,2.0,85.0,0.0,6.0,163.0
1,10.0,6.0,0.0,2.0,1.0
2,10.0,355.0,2690.0,77.84,170.0
1,5.0,2.0,0.0,27.0,5.0
1,14.0,57.0,0.0,52.0,120.0
1,9.0,22.0,4.0,35.0,120.0
1,5.0,4.0,0.0,27.0,2.0
2,87.2,17.3,32.8,12.9,3.9
1,72.0,20.0,7.0,30.0,19.0
1,11.0,47.0,0.0,6.0,5.0
2,362.0,2740.0,2500.0,59.0,330.0
1,33.0,6.0,0.0,62.0,1.0
1,13.0,3.0,0.0,1.0,1.0
2,1270.0,7870.0,480.0,957.0,8.6
1,2.0,68.0,4.0,26.0,91.0
2,53.0,39.0,0.0,4.5,3.0
3,22.0,202.0,460.0,7.0,19.0
1,42.0,134.0,2.0,15.0,163.0
3,78.0,20.0,28.0,13.0,11.0
3,13.0,3.0,6.0,3.0,1.0
1,22.0,0.0,0.0,15.0,1.0
2,15.9,55.98,0.21,137.25,22.33
1,57.0,86.0,0.0,20.0,120.0
1,0.0,2.0,0.0,1.0,0.0
1,101.0,61.0,0.0,67.0,286.0
1,13.0,32.0,213.0,86.0,66.0
1,51.0,34.0,1.0,85.0,414.0
1,8.0,3.0,2.0,30.0,88.0
2,107.0,143.0,34.0,222.0,2.0
1,43.0,64.0,0.0,283.0,35.0
2,360.0,100.0,16.0,380.0,230.0
3,597.0,163.0,389.0,2960.0,50.0
3,645.0,86.0,317.0,110.0,13.0
1,32.0,22.0,7.0,281.0,175.0
1,10.0,2.0,0.0,2.0,0.0
3,504.0,142.0,389.0,228.0,14.0
1,0.0,2.0,0.0,42.0,1.0
1,67.0,150.0,7.0,86.0,548.0
1,23.0,37.0,2.0,52.0,113.0
1,10.0,44.0,0.0,3.0,14.0
1,12.0,53.0,4.0,75.0,4.0
1,18.0,6.0,0.0,75.0,3.0
1,3.0,21.0,7.0,26.0,327.0
2,4480.0,80.0,42.0,0.5,70.0
2,25.0,2227.0,19.4,1.5,9.0
3,160.0,205.9,760.0,51.0,7.0
1,0.0,20.0,0.0,2.0,4.0
1,0.0,2.0,0.0,48.0,0.0
1,0.0,137.0,0.0,1.0,270.0
1,16.0,0.0,0.0,3.0,0.0
2,25.0,108.0,0.0,18.0,281.0
2,48.0,40.0,0.0,0.5,11.0
1,39.0,7.0,1.0,5.0,4.0
1,1.0,97.0,2.0,61.0,141.0
2,25.0,3450.0,221.0,2483.3,251.0
3,1330.0,14.3,62.0,266.0,43.0
2,670.0,44.0,29990.0,12.9,5188.0
1,149.0,34.0,7.0,26.0,22.0
1,14.0,23.0,2.0,53.0,220.0
3,64.0,15.0,5.5,570.0,18.0
1,33.0,118.0,1.0,29.0,103.0
1,90.0,66.0,7.0,18.0,36.0
1,16.0,1.0,0.0,2.0,1.0
1,10.0,40.0,213.0,62.0,16.0
1,0.0,0.0,0.0,15.0,0.0
2,754.0,55.0,35.7,90.0,5.0
1,35.0,3.0,0.0,0.0,0.0
1,74.0,17.0,0.0,36.0,157.0
1,72.0,38.0,4.0,46.0,234.0
1,0.0,0.0,0.0,0.0,1.0
1,47.0,140.0,0.0,30.0,163.0
1,11.0,44.0,4.0,10.0,247.0
1,0.0,70.0,0.0,58.0,314.0
1,11.0,1.0,0.0,25.0,1.0
3,1000.0,500.0,1.0,400.0,500.0
3,755.0,1028.0,3675.0,899.0,6432.0
1,30.0,151.0,7.0,20.0,43.0
3,2770.0,660.0,763.0,712.0,54.0
1,8.0,52.0,0.0,23.0,11.0
1,3.0,157.0,7.0,51.0,13.0
1,880.0,233.0,4.0,115.0,121.0
1,171.0,43.0,213.0,5.0,30.0
1,136.0,62.0,1.0,42.0,34.0
1,39.0,82.0,1.0,19.0,148.0
2,131.7,116.55,19.4,183.97,0.32
1,2.0,4.0,0.0,5.0,1.0
1,36.0,9.0,4.0,11.0,80.0
1,63.0,49.0,213.0,67.0,234.0
1,52.0,71.0,213.0,6.0,169.0
1,44.0,46.0,0.0,16.0,299.0
1,69.0,37.0,213.0,43.0,94.0
3,5100.0,20.0,436.0,55.0,745.0
1,26.0,134.0,0.0,10.0,313.0
3,95.0,10.0,39.0,11.0,0.0
1,25.0,42.0,7.0,9.0,1.0
1,15.0,4.0,0.0,79.0,31.0
1,135.0,40.0,0.0,91.0,41.0
1,6.0,5.0,0.0,0.0,0.0
1,71.0,30.0,0.0,2.0,10.0
2,28.97,74.0,3.0,1165.0,4.0
1,10.0,27.0,0.0,17.0,5.0
1,9.0,44.0,0.0,13.0,8.0
3,73.0,8.0,12.0,2.0,4.0
1,17.0,72.0,4.0,18.0,305.0
3,590.0,1500.0,2300.0,1200.0,68.0
1,29.0,14.0,1.0,64.0,191.0
1,0.0,143.0,0.0,7.0,263.0
1,20.0,4.0,7.0,64.0,155.0
1,24.0,3.0,0.0,2.0,2.0
1,69.0,126.0,2.0,12.0,301.0
2,305.0,0.2,59.0,440.0,5188.0
1,24.0,4.0,0.0,0.0,0.0
3,535.0,160.0,16.0,305.0,680.0
3,110.0,62.0,250.0,140.0,90.0
2,700.0,137.4,936.6,194.8,15.0
1,8.0,156.0,0.0,6.0,234.0
1,45.0,49.0,4.0,156.0,16.0
1,0.0,62.0,0.0,10.0,113.0
1,0.0,1.0,0.0,0.0,0.0
3,8.0,24.0,240.0,224.0,321.0
1,71.0,114.0,7.0,21.0,132.0
2,1.6,1.0,1.6,0.9,0.1
1,6.0,0.0,0.0,3.0,0.0
2,36.0,245.0,0.1,332.0,144.0
3,6454.0,2313.0,121.0,2159.0,6432.0
3,73.0,5399.0,800.0,11.0,535.0
1,4.0,4.0,0.0,25.0,9.0
2,290.0,1260.0,8.0,820.0,231.0
2,7.8,111.0,208.0,1.0,701.0
1,47.0,1.0,0.0,25.0,1.0
1,11.0,1.0,0.0,1.0,1.0
1,129.0,127.0,213.0,72.0,239.0
1,0.0,42.0,0.0,1.0,17.0
1,8.0,4.0,0.0,17.0,0.0
1,0.0,2.0,0.0,0.0,0.0
1,0.0,1.0,0.0,5.0,7.0
2,150.0,90.0,9.2,77.8,244.0
1,76.0,20.0,4.0,451.0,548.0
1,4.0,0.0,0.0,33.0,1.0
1,34.0,125.0,1.0,23.0,11.0
1,8.0,140.0,0.0,41.0,253.0
1,39.0,52.0,1.0,102.0,187.0
1,2.0,7.0,0.0,19.0,3.0
2,305.0,100.0,541.0,161.0,33.0
2,65.0,20.0,0.0,5.0,10.0
1,0.0,1.0,0.0,23.0,0.0
2,295.0,237.0,29990.0,1810.0,6.6
3,1500.0,580.0,5.0,768.0,25.0
1,7.0,139.0,4.0,35.0,141.0
1,78.0,150.0,4.0,54.0,407.0
1,39.0,2.0,0.0,6.0,1.0
1,0.0,3.0,0.0,32.0,2.0
1,7.0,0.0,0.0,2.0,1.0
1,30.0,4.0,0.0,1.0,0.0
2,25.0,39.0,16.0,11.2,26.0
2,1230.0,163.0,692.0,233.0,27.0
1,120.0,99.0,0.0,15.0,407.0
1,23.0,69.0,0.0,8.0,13.0
3,88.0,345.0,3675.0,154.0,157.0
2,20.0,80.2,0.0,68.6,24.6
3,5.0,100.0,0.0,10.0,127.0
1,4.0,121.0,4.0,62.0,16.0
1,37.0,156.0,4.0,21.0,21.0
1,5.0,48.0,0.0,18.0,77.0
2,16.0,213.0,0.0,11.0,535.0
1,8.0,0.0,0.0,1.0,0.0
1,0.0,5.0,0.0,57.0,8.0
1,7.0,0.0,0.0,14.0,1.0
1,5.0,5.0,0.0,3.0,15.0
1,11.0,130.0,0.0,16.0,334.0
2,507.0,109.0,1.6,2248.0,93.4
2,1330.0,24.5,4.0,489.6,750.0
1,43.0,32.0,7.0,93.0,235.0
1,42.0,44.0,1.0,85.0,106.0
1,32.0,0.0,0.0,21.0,2.0
3,462.0,168.0,7.12,1200.0,127.0
2,10.0,24.0,0.1,24.0,372.0
1,47.0,79.0,1.0,104.0,133.0
1,55.0,194.0,0.0,44.0,148.0
1,0.0,22.0,0.0,0.0,8.0
2,95.0,224.0,47.2,6.96,78.0
3,2177.0,15.0,133.6,336.0,5.0
1,6.0,0.0,0.0,7.0,1.0
1,10.0,0.0,0.0,13.0,0.0
1,69.0,72.0,7.0,86.0,19.0
1,73.0,62.0,4.0,58.0,141.0
1,210.0,173.0,213.0,57.0,659.0
1,0.0,50.0,2.0,37.0,30.0
1,60.0,0.0,0.0,2.0,0.0
2,23.0,60.0,0.1,56.9,18.6
2,103.0,221.7,47.2,422.0,0.9
3,3700.0,1690.0,3270.0,2810.0,128.0
1,29.0,4.0,0.0,20.0,0.0
1,9.0,17.0,0.0,2.0,3.0
1,75.0,35.0,4.0,12.0,67.0
1,13.0,1.0,0.0,0.0,0.0
1,3.0,69.0,0.0,2.0,51.0
3,33046.0,212.4,56.0,45.0,30.0
1,0.0,2.0,1.0,2.0,1.0
1,0.0,134.0,0.0,5.0,28.0
3,160.0,10.0,1.0,1.0,3.0
2,388.0,32.0,4.36,12.9,93.4
1,27.0,1.0,4.0,13.0,163.0
1,0.0,0.0,0.0,3.0,0.0
3,941.0,345.0,884.0,334.0,757.0
1,129.0,161.0,213.0,451.0,41.0
1,37.0,24.0,213.0,91.0,204.0
1,4.0,4.0,0.0,18.0,0.0
1,22.0,30.0,0.0,74.0,9.0
1,44.0,97.0,2.0,39.0,106.0
1,46.0,100.0,2.0,7.0,407.0
3,440.0,89.0,19.0,304.0,757.0
3,217.0,286.0,884.0,458.0,14.0
3,37800.0,1740.0,249.0,8.0,8.0
1,120.0,151.0,213.0,37.0,117.0
1,281.0,46.0,4.0,58.0,67.0
2,111.0,559.0,0.0,707.0,243.0
1,136.0,61.0,4.0,21.0,163.0
1,74.0,57.0,2.0,6.0,304.0
1,15.0,138.0,0.0,3.0,327.0
1,6.0,22.0,213.0,35.0,71.0
1,4.0,0.0,0.0,4.0,0.0
1,9.0,3.0,0.0,51.0,3.0
1,0.0,139.0,0.0,7.0,202.0
1,128.0,82.0,4.0,85.0,57.0
1,33.0,148.0,7.0,28.0,133.0
1,2.0,130.0,0.0,451.0,268.0
1,4.0,87.0,4.0,58.0,148.0
2,385.0,60.0,159.0,53.0,8.0
1,3.0,38.0,0.0,4.0,13.0
1,86.0,64.0,213.0,281.0,40.0
1,28.0,43.0,4.0,2.0,54.0
2,78.0,66.0,0.0,2.6,62.0
1,0.0,5.0,0.0,0.0,0.0
1,9.0,123.0,0.0,15.0,235.0
2,78.0,969.6,1180.0,1390.0,51.0
3,127.0,24.0,81.0,32.0,0.0
1,171.0,71.0,213.0,83.0,159.0
3,120.0,31.0,94.0,66.0,0.0
1,7.0,2.0,0.0,6.0,2.0
2,28.97,10.94,1.64,6.96,4.36
1,880.0,233.0,4.0,12.0,313.0
1,14.0,11.0,0.0,3.0,1.0
2,66.0,60.0,0.0,7.0,2.0
2,1450.0,940.0,61.0,322.0,211.0
3,154.0,11.0,3.0,8.0,14.0
1,880.0,13.0,2.0,3.0,37.0
2,131.0,32.0,38.7,18.8,7.3
3,125.0,390.0,202.0,0.69,497.0
2,1790.0,580.0,619.0,336.0,321.0
1,13.0,65.0,1.0,11.0,276.0
1,9.0,0.0,0.0,4.0,0.0
2,56.0,322.0,2500.0,254.0,62.0
1,5.0,42.0,0.0,39.0,12.0
1,52.0,121.0,0.0,4.0,240.0
1,57.0,193.0,0.0,17.0,163.0
1,55.0,4.0,0.0,82.0,0.0
1,61.0,5.0,213.0,451.0,109.0
1,5.0,47.0,0.0,2.0,17.0
1,210.0,98.0,7.0,18.0,327.0
1,86.0,38.0,213.0,15.0,228.0
1,25.0,25.0,0.0,14.0,1.0
1,13.0,15.0,4.0,54.0,41.0
1,44.0,105.0,0.0,28.0,169.0
1,4.0,82.0,0.0,12.0,77.0
1,15.0,0.0,0.0,12.0,0.0
1,0.0,1.0,0.0,9.0,3.0
1,151.0,59.0,0.0,13.0,181.0
1,0.0,92.0,0.0,5.0,240.0
1,66.0,72.0,0.0,15.0,118.0
1,30.0,0.0,0.0,1.0,1.0
1,10.0,126.0,0.0,31.0,314.0
1,6.0,1.0,0.0,3.0,1.0
1,18.0,120.0,0.0,42.0,31.0
1,2.0,0.0,0.0,0.0,1.0
2,360.0,610.0,9.0,260.0,259.0
2,219.0,580.0,4.0,56.9,298.0
1,18.0,194.0,0.0,6.0,315.0
1,4.0,6.0,0.0,20.0,0.0
2,36.0,149.0,19.4,56.9,244.0
1,135.0,193.0,213.0,6.0,43.0
1,45.0,0.0,213.0,55.0,67.0
1,33.0,240.0,0.0,74.0,204.0
3,1381.0,11.0,2.0,138.0,90.0
1,67.0,1.0,0.0,46.0,0.0
1,17.0,17.0,7.0,15.0,43.0
1,0.0,34.0,0.0,1.0,11.0
3,210.0,43.0,12.0,102.0,187.0
1,76.0,108.0,2.0,55.0,195.0
1,128.0,12.0,1.0,28.0,106.0
1,7.0,2.0,0.0,4.0,0.0
2,1230.0,23498.0,28.9,2248.0,16.0
1,22.0,0.0,0.0,3.0,1.0
3,595.0,80.0,244.0,89.0,9.0
1,151.0,40.0,7.0,34.0,263.0
1,73.0,73.0,213.0,54.0,133.0
1,15.0,156.0,0.0,121.0,23.0
2,86.0,187.0,0.1,363.0,136.0
1,26.0,85.0,2.0,13.0,301.0
3,260.0,62.6,1180.0,170.0,12.8
3,545.0,60.0,20.0,153.0,104.0
1,6.0,1.0,0.0,1.0,0.0
2,224.0,110.0,7.4,5.0,574.0
1,135.0,77.0,7.0,47.0,11.0
2,217.5,386.0,36.0,450.0,230.0
2,8800.0,90.0,182.0,1901.0,21.1
2,21.0,2.0,5.6,1.5,0.5
1,60.0,74.0,4.0,115.0,40.0
1,25.0,67.0,7.0,30.0,10.0
1,33.0,29.0,0.0,6.0,40.0
1,19.0,2.0,0.0,25.0,4.0
1,23.0,0.0,0.0,0.0,0.0
1,0.0,51.0,0.0,35.0,12.0
1,38.0,3.0,1.0,13.0,69.0
1,58.0,161.0,7.0,43.0,7.0
2,8800.0,54.3,0.0,489.6,36.0
1,7.0,4.0,0.0,35.0,5.0
1,61.0,133.0,2.0,38.0,120.0
1,60.0,173.0,4.0,28.0,199.0
2,219.0,168.0,567.0,46.92,211.0
1,14.0,123.0,0.0,13.0,303.0
1,52.0,49.0,7.0,23.0,352.0
1,43.0,130.0,7.0,156.0,307.0
3,305.0,100.0,541.0,161.0,33.0
3,99.0,286.0,261.0,1140.0,75.0
1,26.0,92.0,0.0,63.0,147.0
2,120.5,690.0,110.0,566.0,21.9
2,1.0,8.0,6.0,100.0,8.0
1,0.0,13.0,0.0,21.0,4.0
2,12705.0,224.0,3.6,553.0,244.0
1,38.0,137.0,1.0,102.0,41.0
2,150.0,22.0,11.0,60.0,9.0
1,56.0,50.0,0.0,11.0,145.0
1,18.0,0.0,0.0,21.0,1.0
1,0.0,25.0,0.0,4.0,4.0
1,23.0,13.0,0.0,34.0,161.0
3,590.0,168.0,38.0,228.0,111.0
1,4.0,40.0,0.0,2.0,10.0
1,19.0,7.0,0.0,26.0,1.0
3,210.0,43.0,187.0,102.0,12.0
1,5.0,0.0,0.0,8.0,0.0
1,6.0,4.0,0.0,7.0,3.0
1,19.0,71.0,7.0,29.0,303.0
1,0.0,6.0,0.0,4.0,2.0
1,60.0,96.0,0.0,0.0,218.0
1,281.0,106.0,213.0,74.0,334.0
3,941.0,192.0,771.0,352.0,20.0
3,512.0,364.0,820.0,656.0,33.0
1,90.0,3.0,0.0,0.0,0.0
1,38.0,123.0,4.0,4.0,779.0
1,4.0,0.0,0.0,0.0,1.0
1,3.0,240.0,4.0,16.0,187.0
1,0.0,34.0,7.0,36.0,3.0
1,57.0,0.0,213.0,3.0,71.0
1,0.0,0.0,0.0,8.0,0.0
2,2240.0,360.0,828.0,169.0,25.0
1,20.0,3.0,0.0,32.0,0.0
1,87.0,49.0,213.0,67.0,324.0
1,76.0,233.0,7.0,34.0,56.0
1,0.0,1.0,0.0,17.0,1.0
1,32.0,12.0,0.0,2.0,2.0
1,3.0,2.0,4.0,10.0,199.0
1,0.0,3.0,0.0,9.0,0.0
1,210.0,41.0,213.0,52.0,62.0
1,129.0,83.0,7.0,1.0,36.0
2,150.0,27.0,3.6,90.0,63.0
2,2031.0,149.0,0.0,3.0,20.0
1,22.0,93.0,0.0,7.0,239.0
1,12.0,25.0,0.0,1.0,3.0
1,24.0,0.0,0.0,3.0,1.0
1,90.0,45.0,0.0,13.0,175.0
3,88.0,550.0,167.0,6500.0,1180.0
1,66.0,61.0,7.0,82.0,157.0
1,11.0,83.0,4.0,37.0,314.0
2,25.4,71.93,103.0,4.0,57.0
3,2850.0,1115.0,3675.0,1987.0,138.0
1,129.0,82.0,7.0,49.0,36.0
1,5.0,2.0,0.0,2.0,2.0
1,0.0,1.0,0.0,8.0,4.0
1,15.0,53.0,7.0,20.0,305.0
1,0.0,131.0,1.0,54.0,30.0
1,0.0,93.0,0.0,7.0,5.0
1,10.0,0.0,0.0,2.0,0.0
1,14.0,0.0,0.0,29.0,1.0
1,0.0,3.0,0.0,51.0,1.0
2,290.0,1260.0,231.0,820.0,8.0
2,116.17,966.0,299.0,2.5,104.0
2,670.0,224.0,2.0,67.0,45.0
1,33.0,15.0,0.0,0.0,4.0
1,15.0,12.0,4.0,28.0,91.0
1,18.0,41.0,0.0,8.0,16.0
1,23.0,37.0,0.0,21.0,70.0
1,16.0,20.0,0.0,3.0,8.0
1,42.0,150.0,2.0,15.0,302.0
1,6.0,0.0,0.0,1.0,0.0
3,2587.0,7.88,0.0,1.4,4.7
3,1084.0,188.0,8.0,166.0,769.0
3,385.0,540.0,159.0,266.0,111.0
2,57.0,24.0,30.0,27.0,2.0
1,2.0,6.0,0.0,3.0,0.0
1,8.0,1.0,0.0,13.0,13.0
1,101.0,22.0,213.0,51.0,42.0
1,20.0,66.0,0.0,40.0,263.0
3,3090.0,22.0,210.0,1200.0,101.0
2,224.0,116.0,92.0,56.9,78.0
2,605.0,1586.0,2.3,1901.0,655.0
1,15.0,88.0,7.0,44.0,414.0
2,111.0,93.0,61.0,3.1,87.0
1,45.0,1.0,0.0,1.0,1.0
3,245.0,3.0,15.0,637.0,1880.0
1,14.0,14.0,213.0,24.0,5.0
1,281.0,1.0,2.0,86.0,117.0
1,26.0,83.0,1.0,13.0,37.0
1,135.0,124.0,0.0,37.0,21.0
1,171.0,65.0,213.0,28.0,1.0
1,45.0,48.0,0.0,4.0,4.0
1,35.0,242.0,7.0,64.0,51.0
2,54.0,7.0,2500.0,161.0,243.0
2,796.0,999.0,31.0,1599.0,234.0
3,5100.0,1430.0,1010.0,1140.0,1.0
1,3.0,39.0,0.0,51.0,187.0
2,22400.0,210.9,2500.0,16.0,437.0
1,17.0,119.0,0.0,40.0,7.0
1,4.0,2.0,0.0,17.0,1.0
1,9.0,0.0,0.0,10.0,2.0
1,151.0,9.0,1.0,102.0,8.0
1,13.0,67.0,7.0,14.0,9.0
2,1550.0,2740.0,816.0,5450.0,184.0
1,57.0,16.0,1.0,27.0,304.0
1,7.0,0.0,0.0,23.0,3.0
1,0.0,100.0,0.0,9.0,91.0
1,67.0,15.0,2.0,156.0,276.0
3,90.0,28.0,32.0,31.0,8.0
1,6.0,2.0,0.0,1.0,1.0
1,4.0,0.0,0.0,13.0,0.0
1,62.0,119.0,4.0,2.0,118.0
1,136.0,161.0,0.0,41.0,270.0
3,4230.0,690.0,1180.0,196.0,5.0
2,1.0,28.0,7730.0,161.0,0.1
3,196.0,64.0,365.0,96.0,8.0
2,98.0,230.0,39.0,5.0,208.0
1,72.0,125.0,0.0,72.0,169.0
3,5000.0,1200.0,1100.0,1000.0,83.0
3,390.0,62.6,133.6,65.3,12.8
2,219.0,3.0,34.0,222.0,9.0
1,75.0,65.0,1.0,12.0,169.0
1,29.0,32.0,7.0,86.0,21.0
1,0.0,9.0,0.0,13.0,4.0
1,4.0,0.0,0.0,1.0,0.0
1,0.0,20.0,0.0,1.0,11.0
1,35.0,2.0,0.0,1.0,5.0
3,206.0,64.0,0.0,266.0,175.0
1,9.0,35.0,0.0,15.0,3.0
1,7.0,0.0,0.0,0.0,0.0
1,31.0,76.0,213.0,1.0,161.0
2,4230.0,580.0,1400.0,4258.0,212.0
1,66.0,108.0,2.0,38.0,124.0
1,8.0,61.0,213.0,65.0,41.0
1,87.0,131.0,213.0,41.0,234.0
1,6.0,151.0,4.0,1.0,414.0
1,17.0,60.0,0.0,2.0,71.0
3,1381.0,550.0,436.0,434.0,28.0
1,39.0,7.0,0.0,99.0,0.0
2,16.0,237.0,92.0,0.0,470.0
2,100.0,3450.0,8.72,1132.0,350.0
2,6709.0,1127.0,816.0,400.0,6.6
1,3.0,0.0,0.0,3.0,0.0
1,18.0,5.0,0.0,14.0,1.0
2,14.0,110.0,10.5,6.0,4.0
2,7.8,45.0,270.0,26.0,42.0
1,90.0,150.0,1.0,53.0,120.0
1,57.0,3.0,4.0,2.0,169.0
1,78.0,128.0,2.0,42.0,3.0
2,124.0,355.0,10.0,727.0,5.0
1,31.0,114.0,213.0,51.0,34.0
2,48.0,610.0,0.0,10.0,29.0
1,32.0,118.0,2.0,19.0,161.0
2,100.0,610.0,103.0,12.9,9.0
1,7.0,3.0,0.0,5.0,2.0
1,0.0,1.0,0.0,27.0,0.0
1,13.0,194.0,0.0,67.0,204.0
1,5.0,60.0,7.0,23.0,327.0
1,8.0,148.0,0.0,4.0,60.0
1,19.0,10.0,0.0,31.0,0.0
2,650.0,81.0,270.0,51.0,170.0
3,338.0,112.0,7.0,82.0,145.0
1,149.0,59.0,213.0,19.0,199.0
1,4.0,134.0,7.0,3.0,36.0
1,71.0,240.0,0.0,51.0,105.0
1,3.0,1.0,0.0,1.0,0.0
1,14.0,6.0,4.0,12.0,153.0
1,60.0,59.0,213.0,24.0,41.0
2,6.0,500.0,35.7,137.25,2.5
2,22400.0,144.0,16.3,77.8,298.0
1,12.0,0.0,0.0,2.0,0.0
3,90.0,7.87,79.0,11.1,1180.0
1,18.0,148.0,2.0,91.0,149.0
1,58.0,8.0,0.0,83.0,73.0
1,72.0,240.0,1.0,40.0,66.0
1,15.0,112.0,213.0,47.0,80.0
